# Rhino

mtllib raw nerve level 2.mtl
usemtl diffuse_0
v 216 0 36
v 216 12 36
v 252 0 36
v 252 12 36
v 252 0 0
v 252 12 0
v 216 0 0
v 216 12 0
vt 0 0
vt 0 0.57142823934555054
vt 0.25 0
vt 0.25 0.57142823934555054
vt 0.25 0
vt 0.25 0.57142823934555054
vt 0.5 0
vt 0.5 0.57142823934555054
vt 0.5 0
vt 0.5 0.57142823934555054
vt 0.75 0
vt 0.75 0.57142823934555054
vt 0.75 0
vt 0.75 0.57142823934555054
vt 1 0
vt 1 0.57142823934555054
vt 0 1
vt 0.25 1
vt 0.25 0.57142883539199829
vt 0 0.57142883539199829
vt 0.75 0.57142883539199829
vt 1 0.57142883539199829
vt 1 1
vt 0.75 1
vn 0 0 1
vn 0 0 1
vn 0 0 1
vn 0 0 1
vn 1 0 0
vn 1 0 0
vn 1 0 0
vn 1 0 0
vn 0 0 -1
vn 0 0 -1
vn 0 0 -1
vn 0 0 -1
vn -1 0 0
vn -1 0 0
vn -1 0 0
vn -1 0 0
vn 0 -1 0
vn 0 -1 0
vn 0 -1 0
vn 0 -1 0
vn 0 1 0
vn 0 1 0
vn 0 1 0
vn 0 1 0
f 1/1/1 3/3/3 4/4/4 2/2/2
f 3/5/5 5/7/7 6/8/8 4/6/6
f 5/9/9 7/11/11 8/12/12 6/10/10
f 7/13/13 1/15/15 2/16/16 8/14/14
f 3/18/18 1/17/17 7/20/20
f 7/20/20 5/19/19 3/18/18
f 4/22/22 8/24/24 2/21/21
f 8/24/24 4/22/22 6/23/23
usemtl diffuse_0
v 180 0 36
v 180 12 36
v 216 0 36
v 216 12 36
v 216 0 0
v 216 12 0
v 180 0 0
v 180 12 0
vt 0 0
vt 0 0.57142823934555054
vt 0.25 0
vt 0.25 0.57142823934555054
vt 0.25 0
vt 0.25 0.57142823934555054
vt 0.5 0
vt 0.5 0.57142823934555054
vt 0.5 0
vt 0.5 0.57142823934555054
vt 0.75 0
vt 0.75 0.57142823934555054
vt 0.75 0
vt 0.75 0.57142823934555054
vt 1 0
vt 1 0.57142823934555054
vt 0 1
vt 0.25 1
vt 0.25 0.57142883539199829
vt 0 0.57142883539199829
vt 0.75 0.57142883539199829
vt 1 0.57142883539199829
vt 1 1
vt 0.75 1
vn 0 0 1
vn 0 0 1
vn 0 0 1
vn 0 0 1
vn 1 0 0
vn 1 0 0
vn 1 0 0
vn 1 0 0
vn 0 0 -1
vn 0 0 -1
vn 0 0 -1
vn 0 0 -1
vn -1 0 0
vn -1 0 0
vn -1 0 0
vn -1 0 0
vn 0 -1 0
vn 0 -1 0
vn 0 -1 0
vn 0 -1 0
vn 0 1 0
vn 0 1 0
vn 0 1 0
vn 0 1 0
f 9/25/25 11/27/27 12/28/28 10/26/26
f 11/29/29 13/31/31 14/32/32 12/30/30
f 13/33/33 15/35/35 16/36/36 14/34/34
f 15/37/37 9/39/39 10/40/40 16/38/38
f 11/42/42 9/41/41 15/44/44
f 15/44/44 13/43/43 11/42/42
f 12/46/46 16/48/48 10/45/45
f 16/48/48 12/46/46 14/47/47
usemtl diffuse_0
v 144 0 36
v 144 12 36
v 180 0 36
v 180 12 36
v 180 0 0
v 180 12 0
v 144 0 0
v 144 12 0
vt 0 0
vt 0 0.57142823934555054
vt 0.25 0
vt 0.25 0.57142823934555054
vt 0.25 0
vt 0.25 0.57142823934555054
vt 0.5 0
vt 0.5 0.57142823934555054
vt 0.5 0
vt 0.5 0.57142823934555054
vt 0.75 0
vt 0.75 0.57142823934555054
vt 0.75 0
vt 0.75 0.57142823934555054
vt 1 0
vt 1 0.57142823934555054
vt 0 1
vt 0.25 1
vt 0.25 0.57142883539199829
vt 0 0.57142883539199829
vt 0.75 0.57142883539199829
vt 1 0.57142883539199829
vt 1 1
vt 0.75 1
vn 0 0 1
vn 0 0 1
vn 0 0 1
vn 0 0 1
vn 1 0 0
vn 1 0 0
vn 1 0 0
vn 1 0 0
vn 0 0 -1
vn 0 0 -1
vn 0 0 -1
vn 0 0 -1
vn -1 0 0
vn -1 0 0
vn -1 0 0
vn -1 0 0
vn 0 -1 0
vn 0 -1 0
vn 0 -1 0
vn 0 -1 0
vn 0 1 0
vn 0 1 0
vn 0 1 0
vn 0 1 0
f 17/49/49 19/51/51 20/52/52 18/50/50
f 19/53/53 21/55/55 22/56/56 20/54/54
f 21/57/57 23/59/59 24/60/60 22/58/58
f 23/61/61 17/63/63 18/64/64 24/62/62
f 19/66/66 17/65/65 23/68/68
f 23/68/68 21/67/67 19/66/66
f 20/70/70 24/72/72 18/69/69
f 24/72/72 20/70/70 22/71/71
usemtl diffuse_0
v 216 0 -72
v 216 12 -72
v 252 0 -72
v 252 12 -72
v 252 0 -108
v 252 12 -108
v 216 0 -108
v 216 12 -108
vt 0 0
vt 0 0.57142823934555054
vt 0.25 0
vt 0.25 0.57142823934555054
vt 0.25 0
vt 0.25 0.57142823934555054
vt 0.5 0
vt 0.5 0.57142823934555054
vt 0.5 0
vt 0.5 0.57142823934555054
vt 0.75 0
vt 0.75 0.57142823934555054
vt 0.75 0
vt 0.75 0.57142823934555054
vt 1 0
vt 1 0.57142823934555054
vt 0 1
vt 0.25 1
vt 0.25 0.57142883539199829
vt 0 0.57142883539199829
vt 0.75 0.57142883539199829
vt 1 0.57142883539199829
vt 1 1
vt 0.75 1
vn 0 0 1
vn 0 0 1
vn 0 0 1
vn 0 0 1
vn 1 0 0
vn 1 0 0
vn 1 0 0
vn 1 0 0
vn 0 0 -1
vn 0 0 -1
vn 0 0 -1
vn 0 0 -1
vn -1 0 0
vn -1 0 0
vn -1 0 0
vn -1 0 0
vn 0 -1 0
vn 0 -1 0
vn 0 -1 0
vn 0 -1 0
vn 0 1 0
vn 0 1 0
vn 0 1 0
vn 0 1 0
f 25/73/73 27/75/75 28/76/76 26/74/74
f 27/77/77 29/79/79 30/80/80 28/78/78
f 29/81/81 31/83/83 32/84/84 30/82/82
f 31/85/85 25/87/87 26/88/88 32/86/86
f 27/90/90 25/89/89 31/92/92
f 31/92/92 29/91/91 27/90/90
f 28/94/94 32/96/96 26/93/93
f 32/96/96 28/94/94 30/95/95
usemtl diffuse_0
v 216 0 -36
v 216 12 -36
v 252 0 -36
v 252 12 -36
v 252 0 -72
v 252 12 -72
v 216 0 -72
v 216 12 -72
vt 0 0
vt 0 0.57142823934555054
vt 0.25 0
vt 0.25 0.57142823934555054
vt 0.25 0
vt 0.25 0.57142823934555054
vt 0.5 0
vt 0.5 0.57142823934555054
vt 0.5 0
vt 0.5 0.57142823934555054
vt 0.75 0
vt 0.75 0.57142823934555054
vt 0.75 0
vt 0.75 0.57142823934555054
vt 1 0
vt 1 0.57142823934555054
vt 0 1
vt 0.25 1
vt 0.25 0.57142883539199829
vt 0 0.57142883539199829
vt 0.75 0.57142883539199829
vt 1 0.57142883539199829
vt 1 1
vt 0.75 1
vn 0 0 1
vn 0 0 1
vn 0 0 1
vn 0 0 1
vn 1 0 0
vn 1 0 0
vn 1 0 0
vn 1 0 0
vn 0 0 -1
vn 0 0 -1
vn 0 0 -1
vn 0 0 -1
vn -1 0 0
vn -1 0 0
vn -1 0 0
vn -1 0 0
vn 0 -1 0
vn 0 -1 0
vn 0 -1 0
vn 0 -1 0
vn 0 1 0
vn 0 1 0
vn 0 1 0
vn 0 1 0
f 33/97/97 35/99/99 36/100/100 34/98/98
f 35/101/101 37/103/103 38/104/104 36/102/102
f 37/105/105 39/107/107 40/108/108 38/106/106
f 39/109/109 33/111/111 34/112/112 40/110/110
f 35/114/114 33/113/113 39/116/116
f 39/116/116 37/115/115 35/114/114
f 36/118/118 40/120/120 34/117/117
f 40/120/120 36/118/118 38/119/119
usemtl diffuse_0
v 216 0 0
v 216 12 0
v 252 0 0
v 252 12 0
v 252 0 -36
v 252 12 -36
v 216 0 -36
v 216 12 -36
vt 0 0
vt 0 0.57142823934555054
vt 0.25 0
vt 0.25 0.57142823934555054
vt 0.25 0
vt 0.25 0.57142823934555054
vt 0.5 0
vt 0.5 0.57142823934555054
vt 0.5 0
vt 0.5 0.57142823934555054
vt 0.75 0
vt 0.75 0.57142823934555054
vt 0.75 0
vt 0.75 0.57142823934555054
vt 1 0
vt 1 0.57142823934555054
vt 0 1
vt 0.25 1
vt 0.25 0.57142883539199829
vt 0 0.57142883539199829
vt 0.75 0.57142883539199829
vt 1 0.57142883539199829
vt 1 1
vt 0.75 1
vn 0 0 1
vn 0 0 1
vn 0 0 1
vn 0 0 1
vn 1 0 0
vn 1 0 0
vn 1 0 0
vn 1 0 0
vn 0 0 -1
vn 0 0 -1
vn 0 0 -1
vn 0 0 -1
vn -1 0 0
vn -1 0 0
vn -1 0 0
vn -1 0 0
vn 0 -1 0
vn 0 -1 0
vn 0 -1 0
vn 0 -1 0
vn 0 1 0
vn 0 1 0
vn 0 1 0
vn 0 1 0
f 41/121/121 43/123/123 44/124/124 42/122/122
f 43/125/125 45/127/127 46/128/128 44/126/126
f 45/129/129 47/131/131 48/132/132 46/130/130
f 47/133/133 41/135/135 42/136/136 48/134/134
f 43/138/138 41/137/137 47/140/140
f 47/140/140 45/139/139 43/138/138
f 44/142/142 48/144/144 42/141/141
f 48/144/144 44/142/142 46/143/143
usemtl diffuse_0
v 180 0 -72
v 180 12 -72
v 216 0 -72
v 216 12 -72
v 216 0 -108
v 216 12 -108
v 180 0 -108
v 180 12 -108
vt 0 0
vt 0 0.57142823934555054
vt 0.25 0
vt 0.25 0.57142823934555054
vt 0.25 0
vt 0.25 0.57142823934555054
vt 0.5 0
vt 0.5 0.57142823934555054
vt 0.5 0
vt 0.5 0.57142823934555054
vt 0.75 0
vt 0.75 0.57142823934555054
vt 0.75 0
vt 0.75 0.57142823934555054
vt 1 0
vt 1 0.57142823934555054
vt 0 1
vt 0.25 1
vt 0.25 0.57142883539199829
vt 0 0.57142883539199829
vt 0.75 0.57142883539199829
vt 1 0.57142883539199829
vt 1 1
vt 0.75 1
vn 0 0 1
vn 0 0 1
vn 0 0 1
vn 0 0 1
vn 1 0 0
vn 1 0 0
vn 1 0 0
vn 1 0 0
vn 0 0 -1
vn 0 0 -1
vn 0 0 -1
vn 0 0 -1
vn -1 0 0
vn -1 0 0
vn -1 0 0
vn -1 0 0
vn 0 -1 0
vn 0 -1 0
vn 0 -1 0
vn 0 -1 0
vn 0 1 0
vn 0 1 0
vn 0 1 0
vn 0 1 0
f 49/145/145 51/147/147 52/148/148 50/146/146
f 51/149/149 53/151/151 54/152/152 52/150/150
f 53/153/153 55/155/155 56/156/156 54/154/154
f 55/157/157 49/159/159 50/160/160 56/158/158
f 51/162/162 49/161/161 55/164/164
f 55/164/164 53/163/163 51/162/162
f 52/166/166 56/168/168 50/165/165
f 56/168/168 52/166/166 54/167/167
usemtl diffuse_0
v 180 0 -36
v 180 12 -36
v 216 0 -36
v 216 12 -36
v 216 0 -72
v 216 12 -72
v 180 0 -72
v 180 12 -72
vt 0 0
vt 0 0.57142823934555054
vt 0.25 0
vt 0.25 0.57142823934555054
vt 0.25 0
vt 0.25 0.57142823934555054
vt 0.5 0
vt 0.5 0.57142823934555054
vt 0.5 0
vt 0.5 0.57142823934555054
vt 0.75 0
vt 0.75 0.57142823934555054
vt 0.75 0
vt 0.75 0.57142823934555054
vt 1 0
vt 1 0.57142823934555054
vt 0 1
vt 0.25 1
vt 0.25 0.57142883539199829
vt 0 0.57142883539199829
vt 0.75 0.57142883539199829
vt 1 0.57142883539199829
vt 1 1
vt 0.75 1
vn 0 0 1
vn 0 0 1
vn 0 0 1
vn 0 0 1
vn 1 0 0
vn 1 0 0
vn 1 0 0
vn 1 0 0
vn 0 0 -1
vn 0 0 -1
vn 0 0 -1
vn 0 0 -1
vn -1 0 0
vn -1 0 0
vn -1 0 0
vn -1 0 0
vn 0 -1 0
vn 0 -1 0
vn 0 -1 0
vn 0 -1 0
vn 0 1 0
vn 0 1 0
vn 0 1 0
vn 0 1 0
f 57/169/169 59/171/171 60/172/172 58/170/170
f 59/173/173 61/175/175 62/176/176 60/174/174
f 61/177/177 63/179/179 64/180/180 62/178/178
f 63/181/181 57/183/183 58/184/184 64/182/182
f 59/186/186 57/185/185 63/188/188
f 63/188/188 61/187/187 59/186/186
f 60/190/190 64/192/192 58/189/189
f 64/192/192 60/190/190 62/191/191
usemtl diffuse_0
v 180 0 0
v 180 12 0
v 216 0 0
v 216 12 0
v 216 0 -36
v 216 12 -36
v 180 0 -36
v 180 12 -36
vt 0 0
vt 0 0.57142823934555054
vt 0.25 0
vt 0.25 0.57142823934555054
vt 0.25 0
vt 0.25 0.57142823934555054
vt 0.5 0
vt 0.5 0.57142823934555054
vt 0.5 0
vt 0.5 0.57142823934555054
vt 0.75 0
vt 0.75 0.57142823934555054
vt 0.75 0
vt 0.75 0.57142823934555054
vt 1 0
vt 1 0.57142823934555054
vt 0 1
vt 0.25 1
vt 0.25 0.57142883539199829
vt 0 0.57142883539199829
vt 0.75 0.57142883539199829
vt 1 0.57142883539199829
vt 1 1
vt 0.75 1
vn 0 0 1
vn 0 0 1
vn 0 0 1
vn 0 0 1
vn 1 0 0
vn 1 0 0
vn 1 0 0
vn 1 0 0
vn 0 0 -1
vn 0 0 -1
vn 0 0 -1
vn 0 0 -1
vn -1 0 0
vn -1 0 0
vn -1 0 0
vn -1 0 0
vn 0 -1 0
vn 0 -1 0
vn 0 -1 0
vn 0 -1 0
vn 0 1 0
vn 0 1 0
vn 0 1 0
vn 0 1 0
f 65/193/193 67/195/195 68/196/196 66/194/194
f 67/197/197 69/199/199 70/200/200 68/198/198
f 69/201/201 71/203/203 72/204/204 70/202/202
f 71/205/205 65/207/207 66/208/208 72/206/206
f 67/210/210 65/209/209 71/212/212
f 71/212/212 69/211/211 67/210/210
f 68/214/214 72/216/216 66/213/213
f 72/216/216 68/214/214 70/215/215
usemtl diffuse_0
v 216 12 -133.45584106445313
v 216 24 -133.45584106445313
v 216 12 -144
v 216 24 -144
v 180 12 -144
v 180 24 -144
v 180 12 -133.45584106445313
v 180 24 -133.45584106445313
vt 0 0
vt 0 0.68133246898651123
vt 0.25 0
vt 0.25 0.68133246898651123
vt 0.25 0
vt 0.25 0.68133246898651123
vt 0.5 0
vt 0.5 0.68133246898651123
vt 0.5 0
vt 0.5 0.68133246898651123
vt 0.75 0
vt 0.75 0.68133246898651123
vt 0.75 0
vt 0.75 0.68133246898651123
vt 1 0
vt 1 0.68133246898651123
vt 0.38672953844070435 1
vt 0.38672953844070435 0.68133312463760376
vt 0 0.68133312463760376
vt 0 1
vt 1 0.68133312463760376
vt 1 1
vt 0.61327046155929565 1
vt 0.61327046155929565 0.68133312463760376
vn 1 0 0
vn 1 0 0
vn 1 0 0
vn 1 0 0
vn 0 0 -1
vn 0 0 -1
vn 0 0 -1
vn 0 0 -1
vn -1 0 0
vn -1 0 0
vn -1 0 0
vn -1 0 0
vn 0 0 1
vn 0 0 1
vn 0 0 1
vn 0 0 1
vn 0 -1 0
vn 0 -1 0
vn 0 -1 0
vn 0 -1 0
vn 0 1 0
vn 0 1 0
vn 0 1 0
vn 0 1 0
f 73/217/217 75/219/219 76/220/220 74/218/218
f 75/221/221 77/223/223 78/224/224 76/222/222
f 77/225/225 79/227/227 80/228/228 78/226/226
f 79/229/229 73/231/231 74/232/232 80/230/230
f 75/234/234 73/233/233 79/236/236
f 79/236/236 77/235/235 75/234/234
f 76/238/238 80/240/240 74/237/237
f 80/240/240 76/238/238 78/239/239
usemtl diffuse_0
v 144 12 -108
v 144 24 -108
v 144 12 -144
v 144 24 -144
v 180 12 -144
v 180 24 -144
v 180 12 -133.45584106445313
v 180 24 -133.45584106445313
v 171 12 -133.45584106445313
v 171 24 -133.45584106445313
vt 0.28182128071784973 0.43342775106430054
vt 0.14164306223392487 0.43342775106430054
vt 0.28182128071784973 0.85835695266723633
vt 0.14164306223392487 0.85835695266723633
vt 0.14017821848392487 0.43342775106430054
vt 0 0.43342775106430054
vt 0.14017821848392487 0.85835695266723633
vt 0 0.85835695266723633
vt 0.85689210891723633 0.3991832435131073
vt 0.71671390533447266 0.3991832435131073
vt 0.85689210891723633 0.52364212274551392
vt 0.71671390533447266 0.52364212274551392
vt 0.85689210891723633 0
vt 0.71671390533447266 0
vt 0.85689210891723633 0.10623229295015335
vt 0.71671390533447266 0.10623229295015335
vt 0.99853515625 0
vt 0.85835695266723633 0
vt 0.99853515625 0.43800696730613708
vt 0.85835695266723633 0.43800696730613708
vt 0.28752106428146362 0.43766269087791443
vt 0.71101409196853638 0.43766269087791443
vt 0.71101409196853638 0.86115574836730957
vt 0.58697587251663208 0.86115574836730957
vt 0.58697587251663208 0.75528252124786377
vt 0.42917847633361816 0.0042349305003881454
vt 0.42917847633361816 0.42772796750068665
vt 0.0042493045330047607 0.42772796750068665
vt 0.0042493045330047607 0.30368974804878235
vt 0.11048158258199692 0.30368974804878235
vn -1 0 0
vn -1 0 0
vn -1 0 0
vn -1 0 0
vn 0 0 -1
vn 0 0 -1
vn 0 0 -1
vn 0 0 -1
vn 1 0 0
vn 1 0 0
vn 1 0 0
vn 1 0 0
vn 0 0 1
vn 0 0 1
vn 0 0 1
vn 0 0 1
vn 0.68599432706832886 0 0.72760689258575439
vn 0.68599432706832886 0 0.72760689258575439
vn 0.68599432706832886 0 0.72760689258575439
vn 0.68599432706832886 0 0.72760689258575439
vn 0 -1 0
vn 0 -1 0
vn 0 -1 0
vn 0 -1 0
vn 0 -1 0
vn 0 1 0
vn 0 1 0
vn 0 1 0
vn 0 1 0
vn 0 1 0
f 82/242/242 84/244/244 83/243/243 81/241/241
f 84/246/246 86/248/248 85/247/247 83/245/245
f 86/250/250 88/252/252 87/251/251 85/249/249
f 88/254/254 90/256/256 89/255/255 87/253/253
f 90/258/258 82/260/260 81/259/259 89/257/257
f 83/262/262 89/265/265 81/261/261
f 87/264/264 89/265/265 85/263/263
f 83/262/262 85/263/263 89/265/265
f 84/267/267 82/266/266 90/270/270
f 88/269/269 86/268/268 90/270/270
f 84/267/267 90/270/270 86/268/268
usemtl diffuse_0
v 252 12 -108
v 252 24 -108
v 252 12 -144
v 252 24 -144
v 216 12 -144
v 216 24 -144
v 216 12 -133.45584106445313
v 216 24 -133.45584106445313
v 225 12 -133.45584106445313
v 225 24 -133.45584106445313
vt 0.28182128071784973 0.43342775106430054
vt 0.14164306223392487 0.43342775106430054
vt 0.28182128071784973 0.85835695266723633
vt 0.14164306223392487 0.85835695266723633
vt 0.14017821848392487 0.43342775106430054
vt 0 0.43342775106430054
vt 0.14017821848392487 0.85835695266723633
vt 0 0.85835695266723633
vt 0.85689210891723633 0.3991832435131073
vt 0.71671390533447266 0.3991832435131073
vt 0.85689210891723633 0.52364212274551392
vt 0.71671390533447266 0.52364212274551392
vt 0.85689210891723633 0
vt 0.71671390533447266 0
vt 0.85689210891723633 0.10623229295015335
vt 0.71671390533447266 0.10623229295015335
vt 0.99853515625 0
vt 0.85835695266723633 0
vt 0.99853515625 0.43800696730613708
vt 0.85835695266723633 0.43800696730613708
vt 0.28752106428146362 0.43766269087791443
vt 0.71101409196853638 0.43766269087791443
vt 0.71101409196853638 0.86115574836730957
vt 0.58697587251663208 0.86115574836730957
vt 0.58697587251663208 0.75528252124786377
vt 0.42917847633361816 0.0042349305003881454
vt 0.42917847633361816 0.42772796750068665
vt 0.0042493045330047607 0.42772796750068665
vt 0.0042493045330047607 0.30368974804878235
vt 0.11048158258199692 0.30368974804878235
vn 1 0 0
vn 1 0 0
vn 1 0 0
vn 1 0 0
vn 0 0 -1
vn 0 0 -1
vn 0 0 -1
vn 0 0 -1
vn -1 0 0
vn -1 0 0
vn -1 0 0
vn -1 0 0
vn 0 0 1
vn 0 0 1
vn 0 0 1
vn 0 0 1
vn -0.68599432706832886 0 0.72760689258575439
vn -0.68599432706832886 0 0.72760689258575439
vn -0.68599432706832886 0 0.72760689258575439
vn -0.68599432706832886 0 0.72760689258575439
vn 0 -1 0
vn 0 -1 0
vn 0 -1 0
vn 0 -1 0
vn 0 -1 0
vn 0 1 0
vn 0 1 0
vn 0 1 0
vn 0 1 0
vn 0 1 0
f 92/272/272 91/271/271 93/273/273 94/274/274
f 94/276/276 93/275/275 95/277/277 96/278/278
f 96/280/280 95/279/279 97/281/281 98/282/282
f 98/284/284 97/283/283 99/285/285 100/286/286
f 100/288/288 99/287/287 91/289/289 92/290/290
f 93/292/292 91/291/291 99/295/295
f 97/294/294 95/293/293 99/295/295
f 93/292/292 99/295/295 95/293/293
f 94/297/297 100/300/300 92/296/296
f 98/299/299 100/300/300 96/298/298
f 94/297/297 96/298/298 100/300/300
usemtl diffuse_0
v 225 24 -133.45584106445313
v 198 12 -108
v 171 24 -133.45584106445313
v 144 12 -108
v 171 12 -133.45584106445313
v 225 12 -133.45584106445313
v 252 12 -108
vt 0.71151244640350342 0.70998942852020264
vt 0.46713250875473022 0.96545869112014771
vt 0.22275252640247345 0.70998942852020264
vt 0.10893246531486511 0.41486945748329163
vt 0.10893246531486511 0.76889997720718384
vt 0.21640008687973022 0.41486945748329163
vt 0.71151244640350342 0.41742414236068726
vt 0.46713250875473022 0.67289340496063232
vt 0.22275252640247345 0.41742414236068726
vt 0 0.41486945748329163
vt 0 0.7517244815826416
vt 0.10746762156486511 0.41486945748329163
vt 0.25 0.38032811880111694
vt 0.0049019609577953815 0.12485886365175247
vt 0.49509802460670471 0.12485886365175247
vt 0 0
vt 0 0.10893246531486511
vt 0.49019607901573181 0
vt 0.49019607901573181 0.10893246531486511
vt 0.94980591535568237 0.74400657415390015
vt 0.72016137838363647 0.98874557018280029
vt 0.72016137838363647 0.499267578125
vt 0.72016137838363647 0.0097895609214901924
vt 0.94980591535568237 0.25452858209609985
vn 0 0.90453404188156128 0.42640143632888794
vn 0 0.90453404188156128 0.42640143632888794
vn 0 0.90453404188156128 0.42640143632888794
vn -0.68599432706832886 0 -0.72760689258575439
vn -0.68599432706832886 0 -0.72760689258575439
vn -0.68599432706832886 0 -0.72760689258575439
vn 0 0.90453404188156128 0.42640143632888794
vn 0 0.90453404188156128 0.42640143632888794
vn 0 0.90453404188156128 0.42640143632888794
vn 0.68599432706832886 0 -0.72760689258575439
vn 0.68599432706832886 0 -0.72760689258575439
vn 0.68599432706832886 0 -0.72760689258575439
vn 0 0.90453404188156128 0.42640143632888794
vn 0 0.90453404188156128 0.42640143632888794
vn 0 0.90453404188156128 0.42640143632888794
vn 0 0 -1
vn 0 0 -1
vn 0 0 -1
vn 0 0 -1
vn 0 -1 0
vn 0 -1 0
vn 0 -1 0
vn 0 -1 0
vn 0 -1 0
f 102/302/302 101/301/301 103/303/303
f 104/305/305 103/304/304 105/306/306
f 103/308/308 104/309/309 102/307/307
f 107/311/311 106/310/310 101/312/312
f 101/313/313 102/314/314 107/315/315
f 106/317/317 105/319/319 103/318/318 101/316/316
f 106/324/324 107/323/323 102/322/322
f 104/321/321 105/320/320 102/322/322
f 106/324/324 102/322/322 105/320/320
usemtl diffuse_0
v 277.45584106445313 12 -36
v 277.45584106445313 24 -36
v 288 12 -36
v 288 24 -36
v 288 12 -72
v 288 24 -72
v 277.45584106445313 12 -72
v 277.45584106445313 24 -72
vt 0 0
vt 0 0.68133246898651123
vt 0.25 0
vt 0.25 0.68133246898651123
vt 0.25 0
vt 0.25 0.68133246898651123
vt 0.5 0
vt 0.5 0.68133246898651123
vt 0.5 0
vt 0.5 0.68133246898651123
vt 0.75 0
vt 0.75 0.68133246898651123
vt 0.75 0
vt 0.75 0.68133246898651123
vt 1 0
vt 1 0.68133246898651123
vt 0.38672953844070435 1
vt 0.38672953844070435 0.68133312463760376
vt 0 0.68133312463760376
vt 0 1
vt 1 0.68133312463760376
vt 1 1
vt 0.61327046155929565 1
vt 0.61327046155929565 0.68133312463760376
vn 0 0 1
vn 0 0 1
vn 0 0 1
vn 0 0 1
vn 1 0 0
vn 1 0 0
vn 1 0 0
vn 1 0 0
vn 0 0 -1
vn 0 0 -1
vn 0 0 -1
vn 0 0 -1
vn -1 0 0
vn -1 0 0
vn -1 0 0
vn -1 0 0
vn 0 -1 0
vn 0 -1 0
vn 0 -1 0
vn 0 -1 0
vn 0 1 0
vn 0 1 0
vn 0 1 0
vn 0 1 0
f 108/325/325 110/327/327 111/328/328 109/326/326
f 110/329/329 112/331/331 113/332/332 111/330/330
f 112/333/333 114/335/335 115/336/336 113/334/334
f 114/337/337 108/339/339 109/340/340 115/338/338
f 110/342/342 108/341/341 114/344/344
f 114/344/344 112/343/343 110/342/342
f 111/346/346 115/348/348 109/345/345
f 115/348/348 111/346/346 113/347/347
usemtl diffuse_0
v 252 12 -108
v 252 24 -108
v 288 12 -108
v 288 24 -108
v 288 12 -72
v 288 24 -72
v 277.45584106445313 12 -72
v 277.45584106445313 24 -72
v 277.45584106445313 12 -81
v 277.45584106445313 24 -81
vt 0.28182128071784973 0.43342775106430054
vt 0.14164306223392487 0.43342775106430054
vt 0.28182128071784973 0.85835695266723633
vt 0.14164306223392487 0.85835695266723633
vt 0.14017821848392487 0.43342775106430054
vt 0 0.43342775106430054
vt 0.14017821848392487 0.85835695266723633
vt 0 0.85835695266723633
vt 0.85689210891723633 0.3991832435131073
vt 0.71671390533447266 0.3991832435131073
vt 0.85689210891723633 0.52364212274551392
vt 0.71671390533447266 0.52364212274551392
vt 0.85689210891723633 0
vt 0.71671390533447266 0
vt 0.85689210891723633 0.10623229295015335
vt 0.71671390533447266 0.10623229295015335
vt 0.99853515625 0
vt 0.85835695266723633 0
vt 0.99853515625 0.43800696730613708
vt 0.85835695266723633 0.43800696730613708
vt 0.71101409196853638 0.43766269087791443
vt 0.71101409196853638 0.86115574836730957
vt 0.28752106428146362 0.86115574836730957
vt 0.28752106428146362 0.7371174693107605
vt 0.39339432120323181 0.7371174693107605
vt 0.0042492919601500034 0.0042349305003881454
vt 0.42917844653129578 0.0042349305003881454
vt 0.42917844653129578 0.42772796750068665
vt 0.30471959710121155 0.42772796750068665
vt 0.30471959710121155 0.32185474038124084
vn 0 0 -1
vn 0 0 -1
vn 0 0 -1
vn 0 0 -1
vn 1 0 0
vn 1 0 0
vn 1 0 0
vn 1 0 0
vn 0 0 1
vn 0 0 1
vn 0 0 1
vn 0 0 1
vn -1 0 0
vn -1 0 0
vn -1 0 0
vn -1 0 0
vn -0.72760689258575439 0 0.68599432706832886
vn -0.72760689258575439 0 0.68599432706832886
vn -0.72760689258575439 0 0.68599432706832886
vn -0.72760689258575439 0 0.68599432706832886
vn 0 -1 0
vn 0 -1 0
vn 0 -1 0
vn 0 -1 0
vn 0 -1 0
vn 0 1 0
vn 0 1 0
vn 0 1 0
vn 0 1 0
vn 0 1 0
f 117/350/350 119/352/352 118/351/351 116/349/349
f 119/354/354 121/356/356 120/355/355 118/353/353
f 121/358/358 123/360/360 122/359/359 120/357/357
f 123/362/362 125/364/364 124/363/363 122/361/361
f 125/366/366 117/368/368 116/367/367 124/365/365
f 118/370/370 124/373/373 116/369/369
f 122/372/372 124/373/373 120/371/371
f 118/370/370 120/371/371 124/373/373
f 119/375/375 117/374/374 125/378/378
f 123/377/377 121/376/376 125/378/378
f 119/375/375 125/378/378 121/376/376
usemtl diffuse_0
v 252 12 0
v 252 24 0
v 288 12 0
v 288 24 0
v 288 12 -36
v 288 24 -36
v 277.45584106445313 12 -36
v 277.45584106445313 24 -36
v 277.45584106445313 12 -27
v 277.45584106445313 24 -27
vt 0.28182128071784973 0.43342775106430054
vt 0.14164306223392487 0.43342775106430054
vt 0.28182128071784973 0.85835695266723633
vt 0.14164306223392487 0.85835695266723633
vt 0.14017821848392487 0.43342775106430054
vt 0 0.43342775106430054
vt 0.14017821848392487 0.85835695266723633
vt 0 0.85835695266723633
vt 0.85689210891723633 0.3991832435131073
vt 0.71671390533447266 0.3991832435131073
vt 0.85689210891723633 0.52364212274551392
vt 0.71671390533447266 0.52364212274551392
vt 0.85689210891723633 0
vt 0.71671390533447266 0
vt 0.85689210891723633 0.10623229295015335
vt 0.71671390533447266 0.10623229295015335
vt 0.99853515625 0
vt 0.85835695266723633 0
vt 0.99853515625 0.43800696730613708
vt 0.85835695266723633 0.43800696730613708
vt 0.71101409196853638 0.43766269087791443
vt 0.71101409196853638 0.86115574836730957
vt 0.28752106428146362 0.86115574836730957
vt 0.28752106428146362 0.7371174693107605
vt 0.39339432120323181 0.7371174693107605
vt 0.0042492919601500034 0.0042349305003881454
vt 0.42917844653129578 0.0042349305003881454
vt 0.42917844653129578 0.42772796750068665
vt 0.30471959710121155 0.42772796750068665
vt 0.30471959710121155 0.32185474038124084
vn 0 0 1
vn 0 0 1
vn 0 0 1
vn 0 0 1
vn 1 0 0
vn 1 0 0
vn 1 0 0
vn 1 0 0
vn 0 0 -1
vn 0 0 -1
vn 0 0 -1
vn 0 0 -1
vn -1 0 0
vn -1 0 0
vn -1 0 0
vn -1 0 0
vn -0.72760689258575439 0 -0.68599432706832886
vn -0.72760689258575439 0 -0.68599432706832886
vn -0.72760689258575439 0 -0.68599432706832886
vn -0.72760689258575439 0 -0.68599432706832886
vn 0 -1 0
vn 0 -1 0
vn 0 -1 0
vn 0 -1 0
vn 0 -1 0
vn 0 1 0
vn 0 1 0
vn 0 1 0
vn 0 1 0
vn 0 1 0
f 127/380/380 126/379/379 128/381/381 129/382/382
f 129/384/384 128/383/383 130/385/385 131/386/386
f 131/388/388 130/387/387 132/389/389 133/390/390
f 133/392/392 132/391/391 134/393/393 135/394/394
f 135/396/396 134/395/395 126/397/397 127/398/398
f 128/400/400 126/399/399 134/403/403
f 132/402/402 130/401/401 134/403/403
f 128/400/400 134/403/403 130/401/401
f 129/405/405 135/408/408 127/404/404
f 133/407/407 135/408/408 131/406/406
f 129/405/405 131/406/406 135/408/408
usemtl diffuse_0
v 277.45584106445313 24 -27
v 252 12 -54
v 277.45584106445313 24 -81
v 252 12 -108
v 277.45584106445313 12 -81
v 277.45584106445313 12 -27
v 252 12 0
vt 0.71151244640350342 0.70998942852020264
vt 0.46713250875473022 0.96545869112014771
vt 0.22275252640247345 0.70998942852020264
vt 0.10893246531486511 0.41486945748329163
vt 0.10893246531486511 0.76889997720718384
vt 0.21640008687973022 0.41486945748329163
vt 0.71151244640350342 0.41742414236068726
vt 0.46713250875473022 0.67289340496063232
vt 0.22275252640247345 0.41742414236068726
vt 0 0.41486945748329163
vt 0 0.7517244815826416
vt 0.10746762156486511 0.41486945748329163
vt 0.25 0.38032811880111694
vt 0.0049019609577953815 0.12485886365175247
vt 0.49509802460670471 0.12485886365175247
vt 0 0
vt 0 0.10893246531486511
vt 0.49019607901573181 0
vt 0.49019607901573181 0.10893246531486511
vt 0.94980591535568237 0.74400657415390015
vt 0.72016137838363647 0.98874557018280029
vt 0.72016137838363647 0.499267578125
vt 0.72016137838363647 0.0097895609214901924
vt 0.94980591535568237 0.25452858209609985
vn -0.42640143632888794 0.90453404188156128 0
vn -0.42640143632888794 0.90453404188156128 0
vn -0.42640143632888794 0.90453404188156128 0
vn 0.72760689258575439 0 -0.68599432706832886
vn 0.72760689258575439 0 -0.68599432706832886
vn 0.72760689258575439 0 -0.68599432706832886
vn -0.42640143632888794 0.90453404188156128 0
vn -0.42640143632888794 0.90453404188156128 0
vn -0.42640143632888794 0.90453404188156128 0
vn 0.72760689258575439 0 0.68599432706832886
vn 0.72760689258575439 0 0.68599432706832886
vn 0.72760689258575439 0 0.68599432706832886
vn -0.42640143632888794 0.90453404188156128 0
vn -0.42640143632888794 0.90453404188156128 0
vn -0.42640143632888794 0.90453404188156128 0
vn 1 0 0
vn 1 0 0
vn 1 0 0
vn 1 0 0
vn 0 -1 0
vn 0 -1 0
vn 0 -1 0
vn 0 -1 0
vn 0 -1 0
f 137/410/410 136/409/409 138/411/411
f 139/413/413 138/412/412 140/414/414
f 138/416/416 139/417/417 137/415/415
f 142/419/419 141/418/418 136/420/420
f 136/421/421 137/422/422 142/423/423
f 141/425/425 140/427/427 138/426/426 136/424/424
f 141/432/432 142/431/431 137/430/430
f 139/429/429 140/428/428 137/430/430
f 141/432/432 137/430/430 140/428/428
usemtl diffuse_0
v 171 24 25.455844879150391
v 198 12 0
v 225 24 25.455844879150391
v 252 12 0
v 225 12 25.455844879150391
v 171 12 25.455844879150391
v 144 12 0
vt 0.71151244640350342 0.70998942852020264
vt 0.46713250875473022 0.96545869112014771
vt 0.22275252640247345 0.70998942852020264
vt 0.10893246531486511 0.41486945748329163
vt 0.10893246531486511 0.76889997720718384
vt 0.21640008687973022 0.41486945748329163
vt 0.71151244640350342 0.41742414236068726
vt 0.46713250875473022 0.67289340496063232
vt 0.22275252640247345 0.41742414236068726
vt 0 0.41486945748329163
vt 0 0.7517244815826416
vt 0.10746762156486511 0.41486945748329163
vt 0.25 0.38032811880111694
vt 0.0049019609577953815 0.12485886365175247
vt 0.49509802460670471 0.12485886365175247
vt 0 0
vt 0 0.10893246531486511
vt 0.49019607901573181 0
vt 0.49019607901573181 0.10893246531486511
vt 0.94980591535568237 0.74400657415390015
vt 0.72016137838363647 0.98874557018280029
vt 0.72016137838363647 0.499267578125
vt 0.72016137838363647 0.0097895609214901924
vt 0.94980591535568237 0.25452858209609985
vn 0 0.90453404188156128 -0.42640143632888794
vn 0 0.90453404188156128 -0.42640143632888794
vn 0 0.90453404188156128 -0.42640143632888794
vn 0.68599432706832886 0 0.72760689258575439
vn 0.68599432706832886 0 0.72760689258575439
vn 0.68599432706832886 0 0.72760689258575439
vn 0 0.90453404188156128 -0.42640143632888794
vn 0 0.90453404188156128 -0.42640143632888794
vn 0 0.90453404188156128 -0.42640143632888794
vn -0.68599432706832886 0 0.72760689258575439
vn -0.68599432706832886 0 0.72760689258575439
vn -0.68599432706832886 0 0.72760689258575439
vn 0 0.90453404188156128 -0.42640143632888794
vn 0 0.90453404188156128 -0.42640143632888794
vn 0 0.90453404188156128 -0.42640143632888794
vn 0 0 1
vn 0 0 1
vn 0 0 1
vn 0 0 1
vn 0 -1 0
vn 0 -1 0
vn 0 -1 0
vn 0 -1 0
vn 0 -1 0
f 144/434/434 143/433/433 145/435/435
f 146/437/437 145/436/436 147/438/438
f 145/440/440 146/441/441 144/439/439
f 149/443/443 148/442/442 143/444/444
f 143/445/445 144/446/446 149/447/447
f 148/449/449 147/451/451 145/450/450 143/448/448
f 148/456/456 149/455/455 144/454/454
f 146/453/453 147/452/452 144/454/454
f 148/456/456 144/454/454 147/452/452
usemtl diffuse_0
v 144 12 0
v 144 24 0
v 144 12 36
v 144 24 36
v 180 12 36
v 180 24 36
v 180 12 25.455844879150391
v 180 24 25.455844879150391
v 171 12 25.455844879150391
v 171 24 25.455844879150391
vt 0.28182128071784973 0.43342775106430054
vt 0.14164306223392487 0.43342775106430054
vt 0.28182128071784973 0.85835695266723633
vt 0.14164306223392487 0.85835695266723633
vt 0.14017821848392487 0.43342775106430054
vt 0 0.43342775106430054
vt 0.14017821848392487 0.85835695266723633
vt 0 0.85835695266723633
vt 0.85689210891723633 0.3991832435131073
vt 0.71671390533447266 0.3991832435131073
vt 0.85689210891723633 0.52364212274551392
vt 0.71671390533447266 0.52364212274551392
vt 0.85689210891723633 0
vt 0.71671390533447266 0
vt 0.85689210891723633 0.10623229295015335
vt 0.71671390533447266 0.10623229295015335
vt 0.99853515625 0
vt 0.85835695266723633 0
vt 0.99853515625 0.43800696730613708
vt 0.85835695266723633 0.43800696730613708
vt 0.28752106428146362 0.43766269087791443
vt 0.71101409196853638 0.43766269087791443
vt 0.71101409196853638 0.86115574836730957
vt 0.58697587251663208 0.86115574836730957
vt 0.58697587251663208 0.75528252124786377
vt 0.42917847633361816 0.0042349305003881454
vt 0.42917847633361816 0.42772796750068665
vt 0.0042493045330047607 0.42772796750068665
vt 0.0042493045330047607 0.30368974804878235
vt 0.11048158258199692 0.30368974804878235
vn -1 0 0
vn -1 0 0
vn -1 0 0
vn -1 0 0
vn 0 0 1
vn 0 0 1
vn 0 0 1
vn 0 0 1
vn 1 0 0
vn 1 0 0
vn 1 0 0
vn 1 0 0
vn 0 0 -1
vn 0 0 -1
vn 0 0 -1
vn 0 0 -1
vn 0.68599432706832886 0 -0.72760689258575439
vn 0.68599432706832886 0 -0.72760689258575439
vn 0.68599432706832886 0 -0.72760689258575439
vn 0.68599432706832886 0 -0.72760689258575439
vn 0 -1 0
vn 0 -1 0
vn 0 -1 0
vn 0 -1 0
vn 0 -1 0
vn 0 1 0
vn 0 1 0
vn 0 1 0
vn 0 1 0
vn 0 1 0
f 151/458/458 150/457/457 152/459/459 153/460/460
f 153/462/462 152/461/461 154/463/463 155/464/464
f 155/466/466 154/465/465 156/467/467 157/468/468
f 157/470/470 156/469/469 158/471/471 159/472/472
f 159/474/474 158/473/473 150/475/475 151/476/476
f 152/478/478 150/477/477 158/481/481
f 156/480/480 154/479/479 158/481/481
f 152/478/478 158/481/481 154/479/479
f 153/483/483 159/486/486 151/482/482
f 157/485/485 159/486/486 155/484/484
f 153/483/483 155/484/484 159/486/486
usemtl diffuse_0
v 252 12 0
v 252 24 0
v 252 12 36
v 252 24 36
v 216 12 36
v 216 24 36
v 216 12 25.455844879150391
v 216 24 25.455844879150391
v 225 12 25.455844879150391
v 225 24 25.455844879150391
vt 0.28182128071784973 0.43342775106430054
vt 0.14164306223392487 0.43342775106430054
vt 0.28182128071784973 0.85835695266723633
vt 0.14164306223392487 0.85835695266723633
vt 0.14017821848392487 0.43342775106430054
vt 0 0.43342775106430054
vt 0.14017821848392487 0.85835695266723633
vt 0 0.85835695266723633
vt 0.85689210891723633 0.3991832435131073
vt 0.71671390533447266 0.3991832435131073
vt 0.85689210891723633 0.52364212274551392
vt 0.71671390533447266 0.52364212274551392
vt 0.85689210891723633 0
vt 0.71671390533447266 0
vt 0.85689210891723633 0.10623229295015335
vt 0.71671390533447266 0.10623229295015335
vt 0.99853515625 0
vt 0.85835695266723633 0
vt 0.99853515625 0.43800696730613708
vt 0.85835695266723633 0.43800696730613708
vt 0.28752106428146362 0.43766269087791443
vt 0.71101409196853638 0.43766269087791443
vt 0.71101409196853638 0.86115574836730957
vt 0.58697587251663208 0.86115574836730957
vt 0.58697587251663208 0.75528252124786377
vt 0.42917847633361816 0.0042349305003881454
vt 0.42917847633361816 0.42772796750068665
vt 0.0042493045330047607 0.42772796750068665
vt 0.0042493045330047607 0.30368974804878235
vt 0.11048158258199692 0.30368974804878235
vn 1 0 0
vn 1 0 0
vn 1 0 0
vn 1 0 0
vn 0 0 1
vn 0 0 1
vn 0 0 1
vn 0 0 1
vn -1 0 0
vn -1 0 0
vn -1 0 0
vn -1 0 0
vn 0 0 -1
vn 0 0 -1
vn 0 0 -1
vn 0 0 -1
vn -0.68599432706832886 0 -0.72760689258575439
vn -0.68599432706832886 0 -0.72760689258575439
vn -0.68599432706832886 0 -0.72760689258575439
vn -0.68599432706832886 0 -0.72760689258575439
vn 0 -1 0
vn 0 -1 0
vn 0 -1 0
vn 0 -1 0
vn 0 -1 0
vn 0 1 0
vn 0 1 0
vn 0 1 0
vn 0 1 0
vn 0 1 0
f 161/488/488 163/490/490 162/489/489 160/487/487
f 163/492/492 165/494/494 164/493/493 162/491/491
f 165/496/496 167/498/498 166/497/497 164/495/495
f 167/500/500 169/502/502 168/501/501 166/499/499
f 169/504/504 161/506/506 160/505/505 168/503/503
f 162/508/508 168/511/511 160/507/507
f 166/510/510 168/511/511 164/509/509
f 162/508/508 164/509/509 168/511/511
f 163/513/513 161/512/512 169/516/516
f 167/515/515 165/514/514 169/516/516
f 163/513/513 169/516/516 165/514/514
usemtl diffuse_0
v 180 12 25.455844879150391
v 180 24 25.455844879150391
v 180 12 36
v 180 24 36
v 216 12 36
v 216 24 36
v 216 12 25.455844879150391
v 216 24 25.455844879150391
vt 0 0
vt 0 0.68133246898651123
vt 0.25 0
vt 0.25 0.68133246898651123
vt 0.25 0
vt 0.25 0.68133246898651123
vt 0.5 0
vt 0.5 0.68133246898651123
vt 0.5 0
vt 0.5 0.68133246898651123
vt 0.75 0
vt 0.75 0.68133246898651123
vt 0.75 0
vt 0.75 0.68133246898651123
vt 1 0
vt 1 0.68133246898651123
vt 0.38672953844070435 1
vt 0.38672953844070435 0.68133312463760376
vt 0 0.68133312463760376
vt 0 1
vt 1 0.68133312463760376
vt 1 1
vt 0.61327046155929565 1
vt 0.61327046155929565 0.68133312463760376
vn -1 0 0
vn -1 0 0
vn -1 0 0
vn -1 0 0
vn 0 0 1
vn 0 0 1
vn 0 0 1
vn 0 0 1
vn 1 0 0
vn 1 0 0
vn 1 0 0
vn 1 0 0
vn 0 0 -1
vn 0 0 -1
vn 0 0 -1
vn 0 0 -1
vn 0 -1 0
vn 0 -1 0
vn 0 -1 0
vn 0 -1 0
vn 0 1 0
vn 0 1 0
vn 0 1 0
vn 0 1 0
f 170/517/517 172/519/519 173/520/520 171/518/518
f 172/521/521 174/523/523 175/524/524 173/522/522
f 174/525/525 176/527/527 177/528/528 175/526/526
f 176/529/529 170/531/531 171/532/532 177/530/530
f 172/534/534 170/533/533 176/536/536
f 176/536/536 174/535/535 172/534/534
f 173/538/538 177/540/540 171/537/537
f 177/540/540 173/538/538 175/539/539
usemtl diffuse_0
v 144 0 -72
v 144 12 -72
v 180 0 -72
v 180 12 -72
v 180 0 -108
v 180 12 -108
v 144 0 -108
v 144 12 -108
vt 0 0
vt 0 0.57142823934555054
vt 0.25 0
vt 0.25 0.57142823934555054
vt 0.25 0
vt 0.25 0.57142823934555054
vt 0.5 0
vt 0.5 0.57142823934555054
vt 0.5 0
vt 0.5 0.57142823934555054
vt 0.75 0
vt 0.75 0.57142823934555054
vt 0.75 0
vt 0.75 0.57142823934555054
vt 1 0
vt 1 0.57142823934555054
vt 0 1
vt 0.25 1
vt 0.25 0.57142883539199829
vt 0 0.57142883539199829
vt 0.75 0.57142883539199829
vt 1 0.57142883539199829
vt 1 1
vt 0.75 1
vn 0 0 1
vn 0 0 1
vn 0 0 1
vn 0 0 1
vn 1 0 0
vn 1 0 0
vn 1 0 0
vn 1 0 0
vn 0 0 -1
vn 0 0 -1
vn 0 0 -1
vn 0 0 -1
vn -1 0 0
vn -1 0 0
vn -1 0 0
vn -1 0 0
vn 0 -1 0
vn 0 -1 0
vn 0 -1 0
vn 0 -1 0
vn 0 1 0
vn 0 1 0
vn 0 1 0
vn 0 1 0
f 178/541/541 180/543/543 181/544/544 179/542/542
f 180/545/545 182/547/547 183/548/548 181/546/546
f 182/549/549 184/551/551 185/552/552 183/550/550
f 184/553/553 178/555/555 179/556/556 185/554/554
f 180/558/558 178/557/557 184/560/560
f 184/560/560 182/559/559 180/558/558
f 181/562/562 185/564/564 179/561/561
f 185/564/564 181/562/562 183/563/563
usemtl diffuse_0
v 144 0 -36
v 144 12 -36
v 180 0 -36
v 180 12 -36
v 180 0 -72
v 180 12 -72
v 144 0 -72
v 144 12 -72
vt 0 0
vt 0 0.57142823934555054
vt 0.25 0
vt 0.25 0.57142823934555054
vt 0.25 0
vt 0.25 0.57142823934555054
vt 0.5 0
vt 0.5 0.57142823934555054
vt 0.5 0
vt 0.5 0.57142823934555054
vt 0.75 0
vt 0.75 0.57142823934555054
vt 0.75 0
vt 0.75 0.57142823934555054
vt 1 0
vt 1 0.57142823934555054
vt 0 1
vt 0.25 1
vt 0.25 0.57142883539199829
vt 0 0.57142883539199829
vt 0.75 0.57142883539199829
vt 1 0.57142883539199829
vt 1 1
vt 0.75 1
vn 0 0 1
vn 0 0 1
vn 0 0 1
vn 0 0 1
vn 1 0 0
vn 1 0 0
vn 1 0 0
vn 1 0 0
vn 0 0 -1
vn 0 0 -1
vn 0 0 -1
vn 0 0 -1
vn -1 0 0
vn -1 0 0
vn -1 0 0
vn -1 0 0
vn 0 -1 0
vn 0 -1 0
vn 0 -1 0
vn 0 -1 0
vn 0 1 0
vn 0 1 0
vn 0 1 0
vn 0 1 0
f 186/565/565 188/567/567 189/568/568 187/566/566
f 188/569/569 190/571/571 191/572/572 189/570/570
f 190/573/573 192/575/575 193/576/576 191/574/574
f 192/577/577 186/579/579 187/580/580 193/578/578
f 188/582/582 186/581/581 192/584/584
f 192/584/584 190/583/583 188/582/582
f 189/586/586 193/588/588 187/585/585
f 193/588/588 189/586/586 191/587/587
usemtl diffuse_0
v 144 0 0
v 144 12 0
v 180 0 0
v 180 12 0
v 180 0 -36
v 180 12 -36
v 144 0 -36
v 144 12 -36
vt 0 0
vt 0 0.57142823934555054
vt 0.25 0
vt 0.25 0.57142823934555054
vt 0.25 0
vt 0.25 0.57142823934555054
vt 0.5 0
vt 0.5 0.57142823934555054
vt 0.5 0
vt 0.5 0.57142823934555054
vt 0.75 0
vt 0.75 0.57142823934555054
vt 0.75 0
vt 0.75 0.57142823934555054
vt 1 0
vt 1 0.57142823934555054
vt 0 1
vt 0.25 1
vt 0.25 0.57142883539199829
vt 0 0.57142883539199829
vt 0.75 0.57142883539199829
vt 1 0.57142883539199829
vt 1 1
vt 0.75 1
vn 0 0 1
vn 0 0 1
vn 0 0 1
vn 0 0 1
vn 1 0 0
vn 1 0 0
vn 1 0 0
vn 1 0 0
vn 0 0 -1
vn 0 0 -1
vn 0 0 -1
vn 0 0 -1
vn -1 0 0
vn -1 0 0
vn -1 0 0
vn -1 0 0
vn 0 -1 0
vn 0 -1 0
vn 0 -1 0
vn 0 -1 0
vn 0 1 0
vn 0 1 0
vn 0 1 0
vn 0 1 0
f 194/589/589 196/591/591 197/592/592 195/590/590
f 196/593/593 198/595/595 199/596/596 197/594/594
f 198/597/597 200/599/599 201/600/600 199/598/598
f 200/601/601 194/603/603 195/604/604 201/602/602
f 196/606/606 194/605/605 200/608/608
f 200/608/608 198/607/607 196/606/606
f 197/610/610 201/612/612 195/609/609
f 201/612/612 197/610/610 199/611/611
usemtl diffuse_0
v 108 0 -72
v 108 12 -72
v 144 0 -72
v 144 12 -72
v 144 0 -108
v 144 12 -108
v 108 0 -108
v 108 12 -108
vt 0 0
vt 0 0.57142823934555054
vt 0.25 0
vt 0.25 0.57142823934555054
vt 0.25 0
vt 0.25 0.57142823934555054
vt 0.5 0
vt 0.5 0.57142823934555054
vt 0.5 0
vt 0.5 0.57142823934555054
vt 0.75 0
vt 0.75 0.57142823934555054
vt 0.75 0
vt 0.75 0.57142823934555054
vt 1 0
vt 1 0.57142823934555054
vt 0 1
vt 0.25 1
vt 0.25 0.57142883539199829
vt 0 0.57142883539199829
vt 0.75 0.57142883539199829
vt 1 0.57142883539199829
vt 1 1
vt 0.75 1
vn 0 0 1
vn 0 0 1
vn 0 0 1
vn 0 0 1
vn 1 0 0
vn 1 0 0
vn 1 0 0
vn 1 0 0
vn 0 0 -1
vn 0 0 -1
vn 0 0 -1
vn 0 0 -1
vn -1 0 0
vn -1 0 0
vn -1 0 0
vn -1 0 0
vn 0 -1 0
vn 0 -1 0
vn 0 -1 0
vn 0 -1 0
vn 0 1 0
vn 0 1 0
vn 0 1 0
vn 0 1 0
f 202/613/613 204/615/615 205/616/616 203/614/614
f 204/617/617 206/619/619 207/620/620 205/618/618
f 206/621/621 208/623/623 209/624/624 207/622/622
f 208/625/625 202/627/627 203/628/628 209/626/626
f 204/630/630 202/629/629 208/632/632
f 208/632/632 206/631/631 204/630/630
f 205/634/634 209/636/636 203/633/633
f 209/636/636 205/634/634 207/635/635
usemtl diffuse_0
v 108 0 -36
v 108 12 -36
v 144 0 -36
v 144 12 -36
v 144 0 -72
v 144 12 -72
v 108 0 -72
v 108 12 -72
vt 0 0
vt 0 0.57142823934555054
vt 0.25 0
vt 0.25 0.57142823934555054
vt 0.25 0
vt 0.25 0.57142823934555054
vt 0.5 0
vt 0.5 0.57142823934555054
vt 0.5 0
vt 0.5 0.57142823934555054
vt 0.75 0
vt 0.75 0.57142823934555054
vt 0.75 0
vt 0.75 0.57142823934555054
vt 1 0
vt 1 0.57142823934555054
vt 0 1
vt 0.25 1
vt 0.25 0.57142883539199829
vt 0 0.57142883539199829
vt 0.75 0.57142883539199829
vt 1 0.57142883539199829
vt 1 1
vt 0.75 1
vn 0 0 1
vn 0 0 1
vn 0 0 1
vn 0 0 1
vn 1 0 0
vn 1 0 0
vn 1 0 0
vn 1 0 0
vn 0 0 -1
vn 0 0 -1
vn 0 0 -1
vn 0 0 -1
vn -1 0 0
vn -1 0 0
vn -1 0 0
vn -1 0 0
vn 0 -1 0
vn 0 -1 0
vn 0 -1 0
vn 0 -1 0
vn 0 1 0
vn 0 1 0
vn 0 1 0
vn 0 1 0
f 210/637/637 212/639/639 213/640/640 211/638/638
f 212/641/641 214/643/643 215/644/644 213/642/642
f 214/645/645 216/647/647 217/648/648 215/646/646
f 216/649/649 210/651/651 211/652/652 217/650/650
f 212/654/654 210/653/653 216/656/656
f 216/656/656 214/655/655 212/654/654
f 213/658/658 217/660/660 211/657/657
f 217/660/660 213/658/658 215/659/659
usemtl diffuse_0
v 108 0 0
v 108 12 0
v 144 0 0
v 144 12 0
v 144 0 -36
v 144 12 -36
v 108 0 -36
v 108 12 -36
vt 0 0
vt 0 0.57142823934555054
vt 0.25 0
vt 0.25 0.57142823934555054
vt 0.25 0
vt 0.25 0.57142823934555054
vt 0.5 0
vt 0.5 0.57142823934555054
vt 0.5 0
vt 0.5 0.57142823934555054
vt 0.75 0
vt 0.75 0.57142823934555054
vt 0.75 0
vt 0.75 0.57142823934555054
vt 1 0
vt 1 0.57142823934555054
vt 0 1
vt 0.25 1
vt 0.25 0.57142883539199829
vt 0 0.57142883539199829
vt 0.75 0.57142883539199829
vt 1 0.57142883539199829
vt 1 1
vt 0.75 1
vn 0 0 1
vn 0 0 1
vn 0 0 1
vn 0 0 1
vn 1 0 0
vn 1 0 0
vn 1 0 0
vn 1 0 0
vn 0 0 -1
vn 0 0 -1
vn 0 0 -1
vn 0 0 -1
vn -1 0 0
vn -1 0 0
vn -1 0 0
vn -1 0 0
vn 0 -1 0
vn 0 -1 0
vn 0 -1 0
vn 0 -1 0
vn 0 1 0
vn 0 1 0
vn 0 1 0
vn 0 1 0
f 218/661/661 220/663/663 221/664/664 219/662/662
f 220/665/665 222/667/667 223/668/668 221/666/666
f 222/669/669 224/671/671 225/672/672 223/670/670
f 224/673/673 218/675/675 219/676/676 225/674/674
f 220/678/678 218/677/677 224/680/680
f 224/680/680 222/679/679 220/678/678
f 221/682/682 225/684/684 219/681/681
f 225/684/684 221/682/682 223/683/683
usemtl diffuse_0
v 118.54415893554688 12 -72
v 118.54415893554688 24 -72
v 108 12 -72
v 108 24 -72
v 108 12 -36
v 108 24 -36
v 118.54415893554688 12 -36
v 118.54415893554688 24 -36
vt 0 0
vt 0 0.68133246898651123
vt 0.25 0
vt 0.25 0.68133246898651123
vt 0.25 0
vt 0.25 0.68133246898651123
vt 0.5 0
vt 0.5 0.68133246898651123
vt 0.5 0
vt 0.5 0.68133246898651123
vt 0.75 0
vt 0.75 0.68133246898651123
vt 0.75 0
vt 0.75 0.68133246898651123
vt 1 0
vt 1 0.68133246898651123
vt 0.38672953844070435 1
vt 0.38672953844070435 0.68133312463760376
vt 0 0.68133312463760376
vt 0 1
vt 1 0.68133312463760376
vt 1 1
vt 0.61327046155929565 1
vt 0.61327046155929565 0.68133312463760376
vn 0 0 -1
vn 0 0 -1
vn 0 0 -1
vn 0 0 -1
vn -1 0 0
vn -1 0 0
vn -1 0 0
vn -1 0 0
vn 0 0 1
vn 0 0 1
vn 0 0 1
vn 0 0 1
vn 1 0 0
vn 1 0 0
vn 1 0 0
vn 1 0 0
vn 0 -1 0
vn 0 -1 0
vn 0 -1 0
vn 0 -1 0
vn 0 1 0
vn 0 1 0
vn 0 1 0
vn 0 1 0
f 226/685/685 228/687/687 229/688/688 227/686/686
f 228/689/689 230/691/691 231/692/692 229/690/690
f 230/693/693 232/695/695 233/696/696 231/694/694
f 232/697/697 226/699/699 227/700/700 233/698/698
f 228/702/702 226/701/701 232/704/704
f 232/704/704 230/703/703 228/702/702
f 229/706/706 233/708/708 227/705/705
f 233/708/708 229/706/706 231/707/707
usemtl diffuse_0
v 144 12 0
v 144 24 0
v 108 12 0
v 108 24 0
v 108 12 -36
v 108 24 -36
v 118.54415893554688 12 -36
v 118.54415893554688 24 -36
v 118.54415893554688 12 -27
v 118.54415893554688 24 -27
vt 0.28182128071784973 0.43342775106430054
vt 0.14164306223392487 0.43342775106430054
vt 0.28182128071784973 0.85835695266723633
vt 0.14164306223392487 0.85835695266723633
vt 0.14017821848392487 0.43342775106430054
vt 0 0.43342775106430054
vt 0.14017821848392487 0.85835695266723633
vt 0 0.85835695266723633
vt 0.85689210891723633 0.3991832435131073
vt 0.71671390533447266 0.3991832435131073
vt 0.85689210891723633 0.52364212274551392
vt 0.71671390533447266 0.52364212274551392
vt 0.85689210891723633 0
vt 0.71671390533447266 0
vt 0.85689210891723633 0.10623229295015335
vt 0.71671390533447266 0.10623229295015335
vt 0.99853515625 0
vt 0.85835695266723633 0
vt 0.99853515625 0.43800696730613708
vt 0.85835695266723633 0.43800696730613708
vt 0.71101409196853638 0.43766269087791443
vt 0.71101409196853638 0.86115574836730957
vt 0.28752106428146362 0.86115574836730957
vt 0.28752106428146362 0.7371174693107605
vt 0.39339432120323181 0.7371174693107605
vt 0.0042492919601500034 0.0042349305003881454
vt 0.42917844653129578 0.0042349305003881454
vt 0.42917844653129578 0.42772796750068665
vt 0.30471959710121155 0.42772796750068665
vt 0.30471959710121155 0.32185474038124084
vn 0 0 1
vn 0 0 1
vn 0 0 1
vn 0 0 1
vn -1 0 0
vn -1 0 0
vn -1 0 0
vn -1 0 0
vn 0 0 -1
vn 0 0 -1
vn 0 0 -1
vn 0 0 -1
vn 1 0 0
vn 1 0 0
vn 1 0 0
vn 1 0 0
vn 0.72760689258575439 0 -0.68599432706832886
vn 0.72760689258575439 0 -0.68599432706832886
vn 0.72760689258575439 0 -0.68599432706832886
vn 0.72760689258575439 0 -0.68599432706832886
vn 0 -1 0
vn 0 -1 0
vn 0 -1 0
vn 0 -1 0
vn 0 -1 0
vn 0 1 0
vn 0 1 0
vn 0 1 0
vn 0 1 0
vn 0 1 0
f 235/710/710 237/712/712 236/711/711 234/709/709
f 237/714/714 239/716/716 238/715/715 236/713/713
f 239/718/718 241/720/720 240/719/719 238/717/717
f 241/722/722 243/724/724 242/723/723 240/721/721
f 243/726/726 235/728/728 234/727/727 242/725/725
f 236/730/730 242/733/733 234/729/729
f 240/732/732 242/733/733 238/731/731
f 236/730/730 238/731/731 242/733/733
f 237/735/735 235/734/734 243/738/738
f 241/737/737 239/736/736 243/738/738
f 237/735/735 243/738/738 239/736/736
usemtl diffuse_0
v 144 12 -108
v 144 24 -108
v 108 12 -108
v 108 24 -108
v 108 12 -72
v 108 24 -72
v 118.54415893554688 12 -72
v 118.54415893554688 24 -72
v 118.54415893554688 12 -81
v 118.54415893554688 24 -81
vt 0.28182128071784973 0.43342775106430054
vt 0.14164306223392487 0.43342775106430054
vt 0.28182128071784973 0.85835695266723633
vt 0.14164306223392487 0.85835695266723633
vt 0.14017821848392487 0.43342775106430054
vt 0 0.43342775106430054
vt 0.14017821848392487 0.85835695266723633
vt 0 0.85835695266723633
vt 0.85689210891723633 0.3991832435131073
vt 0.71671390533447266 0.3991832435131073
vt 0.85689210891723633 0.52364212274551392
vt 0.71671390533447266 0.52364212274551392
vt 0.85689210891723633 0
vt 0.71671390533447266 0
vt 0.85689210891723633 0.10623229295015335
vt 0.71671390533447266 0.10623229295015335
vt 0.99853515625 0
vt 0.85835695266723633 0
vt 0.99853515625 0.43800696730613708
vt 0.85835695266723633 0.43800696730613708
vt 0.28752106428146362 0.43766269087791443
vt 0.71101409196853638 0.43766269087791443
vt 0.71101409196853638 0.86115574836730957
vt 0.58697587251663208 0.86115574836730957
vt 0.58697587251663208 0.75528252124786377
vt 0.42917847633361816 0.0042349305003881454
vt 0.42917847633361816 0.42772796750068665
vt 0.0042493045330047607 0.42772796750068665
vt 0.0042493045330047607 0.30368974804878235
vt 0.11048158258199692 0.30368974804878235
vn 0 0 -1
vn 0 0 -1
vn 0 0 -1
vn 0 0 -1
vn -1 0 0
vn -1 0 0
vn -1 0 0
vn -1 0 0
vn 0 0 1
vn 0 0 1
vn 0 0 1
vn 0 0 1
vn 1 0 0
vn 1 0 0
vn 1 0 0
vn 1 0 0
vn 0.72760689258575439 0 0.68599432706832886
vn 0.72760689258575439 0 0.68599432706832886
vn 0.72760689258575439 0 0.68599432706832886
vn 0.72760689258575439 0 0.68599432706832886
vn 0 -1 0
vn 0 -1 0
vn 0 -1 0
vn 0 -1 0
vn 0 -1 0
vn 0 1 0
vn 0 1 0
vn 0 1 0
vn 0 1 0
vn 0 1 0
f 245/740/740 244/739/739 246/741/741 247/742/742
f 247/744/744 246/743/743 248/745/745 249/746/746
f 249/748/748 248/747/747 250/749/749 251/750/750
f 251/752/752 250/751/751 252/753/753 253/754/754
f 253/756/756 252/755/755 244/757/757 245/758/758
f 246/760/760 244/759/759 252/763/763
f 250/762/762 248/761/761 252/763/763
f 246/760/760 252/763/763 248/761/761
f 247/765/765 253/768/768 245/764/764
f 251/767/767 253/768/768 249/766/766
f 247/765/765 249/766/766 253/768/768
usemtl diffuse_0
v 118.54415893554688 24 -81
v 144 12 -54
v 118.54415893554688 24 -27
v 144 12 0
v 118.54415893554688 12 -27
v 118.54415893554688 12 -81
v 144 12 -108
vt 0.71151244640350342 0.70998942852020264
vt 0.46713250875473022 0.96545869112014771
vt 0.22275252640247345 0.70998942852020264
vt 0.10893246531486511 0.41486945748329163
vt 0.10893246531486511 0.76889997720718384
vt 0.21640008687973022 0.41486945748329163
vt 0.49509802460670471 0.12485886365175247
vt 0.25 0.38032811880111694
vt 0.0049019609577953815 0.12485886365175247
vt 0 0.41486945748329163
vt 0 0.7517244815826416
vt 0.10746762156486511 0.41486945748329163
vt 0.46713250875473022 0.67289340496063232
vt 0.22275252640247345 0.41742414236068726
vt 0.71151244640350342 0.41742414236068726
vt 0 0
vt 0 0.10893246531486511
vt 0.49019607901573181 0
vt 0.49019607901573181 0.10893246531486511
vt 0.94980591535568237 0.74400657415390015
vt 0.72016137838363647 0.98874557018280029
vt 0.72016137838363647 0.499267578125
vt 0.72016137838363647 0.0097895609214901924
vt 0.94980591535568237 0.25452858209609985
vn 0.42640143632888794 0.90453404188156128 0
vn 0.42640143632888794 0.90453404188156128 0
vn 0.42640143632888794 0.90453404188156128 0
vn -0.72760689258575439 0 0.68599432706832886
vn -0.72760689258575439 0 0.68599432706832886
vn -0.72760689258575439 0 0.68599432706832886
vn 0.42640143632888794 0.90453404188156128 0
vn 0.42640143632888794 0.90453404188156128 0
vn 0.42640143632888794 0.90453404188156128 0
vn -0.72760689258575439 0 -0.68599432706832886
vn -0.72760689258575439 0 -0.68599432706832886
vn -0.72760689258575439 0 -0.68599432706832886
vn 0.42640143632888794 0.90453404188156128 0
vn 0.42640143632888794 0.90453404188156128 0
vn 0.42640143632888794 0.90453404188156128 0
vn -1 0 0
vn -1 0 0
vn -1 0 0
vn -1 0 0
vn 0 -1 0
vn 0 -1 0
vn 0 -1 0
vn 0 -1 0
vn 0 -1 0
f 255/770/770 254/769/769 256/771/771
f 257/773/773 256/772/772 258/774/774
f 256/776/776 257/777/777 255/775/775
f 260/779/779 259/778/778 254/780/780
f 254/781/781 255/782/782 260/783/783
f 259/785/785 258/787/787 256/786/786 254/784/784
f 259/792/792 260/791/791 255/790/790
f 257/789/789 258/788/788 255/790/790
f 259/792/792 255/790/790 258/788/788
usemtl diffuse_0
v 36 0 56
v 36 0 92
v 36 6 56
v 0 0 56
vt 0 0
vt 0 0.69324195384979248
vt 0.11407548189163208 0
vt 0.11554032564163208 0
vt 0.11554032564163208 0.7028043270111084
vt 0.22961580753326416 0
vt 0.73829501867294312 0.98874557018280029
vt 0.23610258102416992 0.499267578125
vt 0.73829501867294312 0.0097895609214901924
vn 1 0 0
vn 1 0 0
vn 1 0 0
vn 0 0 -1
vn 0 0 -1
vn 0 0 -1
vn -0.16222141683101654 0.97332853078842163 0.16222141683101654
vn -0.16222141683101654 0.97332853078842163 0.16222141683101654
vn -0.16222141683101654 0.97332853078842163 0.16222141683101654
f 262/794/794 261/793/793 263/795/795
f 264/797/797 263/796/796 261/798/798
f 263/800/800 264/801/801 262/799/799
usemtl diffuse_0
v 36 0 56
v 0 0 56
v 36 6 56
v 36 0 20
vt 0 0
vt 0 0.69324195384979248
vt 0.11407548189163208 0
vt 0.11554032564163208 0
vt 0.11554032564163208 0.7028043270111084
vt 0.22961580753326416 0
vt 0.73829501867294312 0.98874557018280029
vt 0.23610258102416992 0.499267578125
vt 0.73829501867294312 0.0097895609214901924
vn 0 0 1
vn 0 0 1
vn 0 0 1
vn 1 0 0
vn 1 0 0
vn 1 0 0
vn -0.16222141683101654 0.97332853078842163 -0.16222141683101654
vn -0.16222141683101654 0.97332853078842163 -0.16222141683101654
vn -0.16222141683101654 0.97332853078842163 -0.16222141683101654
f 266/803/803 265/802/802 267/804/804
f 268/806/806 267/805/805 265/807/807
f 267/809/809 268/810/810 266/808/808
usemtl diffuse_0
v 36 0 56
v 36 0 20
v 36 6 56
v 72 0 56
vt 0 0
vt 0 0.69324195384979248
vt 0.11407548189163208 0
vt 0.11554032564163208 0
vt 0.11554032564163208 0.7028043270111084
vt 0.22961580753326416 0
vt 0.73829501867294312 0.98874557018280029
vt 0.23610258102416992 0.499267578125
vt 0.73829501867294312 0.0097895609214901924
vn -1 0 0
vn -1 0 0
vn -1 0 0
vn 0 0 1
vn 0 0 1
vn 0 0 1
vn 0.16222141683101654 0.97332853078842163 -0.16222141683101654
vn 0.16222141683101654 0.97332853078842163 -0.16222141683101654
vn 0.16222141683101654 0.97332853078842163 -0.16222141683101654
f 270/812/812 269/811/811 271/813/813
f 272/815/815 271/814/814 269/816/816
f 271/818/818 272/819/819 270/817/817
usemtl diffuse_0
v 36 0 56
v 72 0 56
v 36 6 56
v 36 0 92
vt 0 0
vt 0 0.69324195384979248
vt 0.11407548189163208 0
vt 0.11554032564163208 0
vt 0.11554032564163208 0.7028043270111084
vt 0.22961580753326416 0
vt 0.73829501867294312 0.98874557018280029
vt 0.23610258102416992 0.499267578125
vt 0.73829501867294312 0.0097895609214901924
vn 0 0 -1
vn 0 0 -1
vn 0 0 -1
vn -1 0 0
vn -1 0 0
vn -1 0 0
vn 0.16222141683101654 0.97332853078842163 0.16222141683101654
vn 0.16222141683101654 0.97332853078842163 0.16222141683101654
vn 0.16222141683101654 0.97332853078842163 0.16222141683101654
f 274/821/821 273/820/820 275/822/822
f 276/824/824 275/823/823 273/825/825
f 275/827/827 276/828/828 274/826/826
usemtl diffuse_0
v 0 0 92
v 0 0 128
v 0 6 92
v -36 0 92
vt 0 0
vt 0 0.69324195384979248
vt 0.11407548189163208 0
vt 0.11554032564163208 0
vt 0.11554032564163208 0.7028043270111084
vt 0.22961580753326416 0
vt 0.73829501867294312 0.98874557018280029
vt 0.23610258102416992 0.499267578125
vt 0.73829501867294312 0.0097895609214901924
vn 1 0 0
vn 1 0 0
vn 1 0 0
vn 0 0 -1
vn 0 0 -1
vn 0 0 -1
vn -0.16222141683101654 0.97332853078842163 0.16222141683101654
vn -0.16222141683101654 0.97332853078842163 0.16222141683101654
vn -0.16222141683101654 0.97332853078842163 0.16222141683101654
f 278/830/830 277/829/829 279/831/831
f 280/833/833 279/832/832 277/834/834
f 279/836/836 280/837/837 278/835/835
usemtl diffuse_0
v 0 0 92
v -36 0 92
v 0 6 92
v 0 0 56
vt 0 0
vt 0 0.69324195384979248
vt 0.11407548189163208 0
vt 0.11554032564163208 0
vt 0.11554032564163208 0.7028043270111084
vt 0.22961580753326416 0
vt 0.73829501867294312 0.98874557018280029
vt 0.23610258102416992 0.499267578125
vt 0.73829501867294312 0.0097895609214901924
vn 0 0 1
vn 0 0 1
vn 0 0 1
vn 1 0 0
vn 1 0 0
vn 1 0 0
vn -0.16222141683101654 0.97332853078842163 -0.16222141683101654
vn -0.16222141683101654 0.97332853078842163 -0.16222141683101654
vn -0.16222141683101654 0.97332853078842163 -0.16222141683101654
f 282/839/839 281/838/838 283/840/840
f 284/842/842 283/841/841 281/843/843
f 283/845/845 284/846/846 282/844/844
usemtl diffuse_0
v 0 0 92
v 0 0 56
v 0 6 92
v 36 0 92
vt 0 0
vt 0 0.69324195384979248
vt 0.11407548189163208 0
vt 0.11554032564163208 0
vt 0.11554032564163208 0.7028043270111084
vt 0.22961580753326416 0
vt 0.73829501867294312 0.98874557018280029
vt 0.23610258102416992 0.499267578125
vt 0.73829501867294312 0.0097895609214901924
vn -1 0 0
vn -1 0 0
vn -1 0 0
vn 0 0 1
vn 0 0 1
vn 0 0 1
vn 0.16222141683101654 0.97332853078842163 -0.16222141683101654
vn 0.16222141683101654 0.97332853078842163 -0.16222141683101654
vn 0.16222141683101654 0.97332853078842163 -0.16222141683101654
f 286/848/848 285/847/847 287/849/849
f 288/851/851 287/850/850 285/852/852
f 287/854/854 288/855/855 286/853/853
usemtl diffuse_0
v 0 0 92
v 36 0 92
v 0 6 92
v 0 0 128
vt 0 0
vt 0 0.69324195384979248
vt 0.11407548189163208 0
vt 0.11554032564163208 0
vt 0.11554032564163208 0.7028043270111084
vt 0.22961580753326416 0
vt 0.73829501867294312 0.98874557018280029
vt 0.23610258102416992 0.499267578125
vt 0.73829501867294312 0.0097895609214901924
vn 0 0 -1
vn 0 0 -1
vn 0 0 -1
vn -1 0 0
vn -1 0 0
vn -1 0 0
vn 0.16222141683101654 0.97332853078842163 0.16222141683101654
vn 0.16222141683101654 0.97332853078842163 0.16222141683101654
vn 0.16222141683101654 0.97332853078842163 0.16222141683101654
f 290/857/857 289/856/856 291/858/858
f 292/860/860 291/859/859 289/861/861
f 291/863/863 292/864/864 290/862/862
usemtl diffuse_0
v 72 0 92
v 72 0 128
v 72 6 92
v 36 0 92
vt 0 0
vt 0 0.69324195384979248
vt 0.11407548189163208 0
vt 0.11554032564163208 0
vt 0.11554032564163208 0.7028043270111084
vt 0.22961580753326416 0
vt 0.73829501867294312 0.98874557018280029
vt 0.23610258102416992 0.499267578125
vt 0.73829501867294312 0.0097895609214901924
vn 1 0 0
vn 1 0 0
vn 1 0 0
vn 0 0 -1
vn 0 0 -1
vn 0 0 -1
vn -0.16222141683101654 0.97332853078842163 0.16222141683101654
vn -0.16222141683101654 0.97332853078842163 0.16222141683101654
vn -0.16222141683101654 0.97332853078842163 0.16222141683101654
f 294/866/866 293/865/865 295/867/867
f 296/869/869 295/868/868 293/870/870
f 295/872/872 296/873/873 294/871/871
usemtl diffuse_0
v 72 0 92
v 36 0 92
v 72 6 92
v 72 0 56
vt 0 0
vt 0 0.69324195384979248
vt 0.11407548189163208 0
vt 0.11554032564163208 0
vt 0.11554032564163208 0.7028043270111084
vt 0.22961580753326416 0
vt 0.73829501867294312 0.98874557018280029
vt 0.23610258102416992 0.499267578125
vt 0.73829501867294312 0.0097895609214901924
vn 0 0 1
vn 0 0 1
vn 0 0 1
vn 1 0 0
vn 1 0 0
vn 1 0 0
vn -0.16222141683101654 0.97332853078842163 -0.16222141683101654
vn -0.16222141683101654 0.97332853078842163 -0.16222141683101654
vn -0.16222141683101654 0.97332853078842163 -0.16222141683101654
f 298/875/875 297/874/874 299/876/876
f 300/878/878 299/877/877 297/879/879
f 299/881/881 300/882/882 298/880/880
usemtl diffuse_0
v 72 0 92
v 72 0 56
v 72 6 92
v 108 0 92
vt 0 0
vt 0 0.69324195384979248
vt 0.11407548189163208 0
vt 0.11554032564163208 0
vt 0.11554032564163208 0.7028043270111084
vt 0.22961580753326416 0
vt 0.73829501867294312 0.98874557018280029
vt 0.23610258102416992 0.499267578125
vt 0.73829501867294312 0.0097895609214901924
vn -1 0 0
vn -1 0 0
vn -1 0 0
vn 0 0 1
vn 0 0 1
vn 0 0 1
vn 0.16222141683101654 0.97332853078842163 -0.16222141683101654
vn 0.16222141683101654 0.97332853078842163 -0.16222141683101654
vn 0.16222141683101654 0.97332853078842163 -0.16222141683101654
f 302/884/884 301/883/883 303/885/885
f 304/887/887 303/886/886 301/888/888
f 303/890/890 304/891/891 302/889/889
usemtl diffuse_0
v 72 0 92
v 108 0 92
v 72 6 92
v 72 0 128
vt 0 0
vt 0 0.69324195384979248
vt 0.11407548189163208 0
vt 0.11554032564163208 0
vt 0.11554032564163208 0.7028043270111084
vt 0.22961580753326416 0
vt 0.73829501867294312 0.98874557018280029
vt 0.23610258102416992 0.499267578125
vt 0.73829501867294312 0.0097895609214901924
vn 0 0 -1
vn 0 0 -1
vn 0 0 -1
vn -1 0 0
vn -1 0 0
vn -1 0 0
vn 0.16222141683101654 0.97332853078842163 0.16222141683101654
vn 0.16222141683101654 0.97332853078842163 0.16222141683101654
vn 0.16222141683101654 0.97332853078842163 0.16222141683101654
f 306/893/893 305/892/892 307/894/894
f 308/896/896 307/895/895 305/897/897
f 307/899/899 308/900/900 306/898/898
usemtl diffuse_0
v 36 0 128
v 36 0 164
v 36 6 128
v 0 0 128
vt 0 0
vt 0 0.69324195384979248
vt 0.11407548189163208 0
vt 0.11554032564163208 0
vt 0.11554032564163208 0.7028043270111084
vt 0.22961580753326416 0
vt 0.73829501867294312 0.98874557018280029
vt 0.23610258102416992 0.499267578125
vt 0.73829501867294312 0.0097895609214901924
vn 1 0 0
vn 1 0 0
vn 1 0 0
vn 0 0 -1
vn 0 0 -1
vn 0 0 -1
vn -0.16222141683101654 0.97332853078842163 0.16222141683101654
vn -0.16222141683101654 0.97332853078842163 0.16222141683101654
vn -0.16222141683101654 0.97332853078842163 0.16222141683101654
f 310/902/902 309/901/901 311/903/903
f 312/905/905 311/904/904 309/906/906
f 311/908/908 312/909/909 310/907/907
usemtl diffuse_0
v 36 0 128
v 0 0 128
v 36 6 128
v 36 0 92
vt 0 0
vt 0 0.69324195384979248
vt 0.11407548189163208 0
vt 0.11554032564163208 0
vt 0.11554032564163208 0.7028043270111084
vt 0.22961580753326416 0
vt 0.73829501867294312 0.98874557018280029
vt 0.23610258102416992 0.499267578125
vt 0.73829501867294312 0.0097895609214901924
vn 0 0 1
vn 0 0 1
vn 0 0 1
vn 1 0 0
vn 1 0 0
vn 1 0 0
vn -0.16222141683101654 0.97332853078842163 -0.16222141683101654
vn -0.16222141683101654 0.97332853078842163 -0.16222141683101654
vn -0.16222141683101654 0.97332853078842163 -0.16222141683101654
f 314/911/911 313/910/910 315/912/912
f 316/914/914 315/913/913 313/915/915
f 315/917/917 316/918/918 314/916/916
usemtl diffuse_0
v 36 0 128
v 36 0 92
v 36 6 128
v 72 0 128
vt 0 0
vt 0 0.69324195384979248
vt 0.11407548189163208 0
vt 0.11554032564163208 0
vt 0.11554032564163208 0.7028043270111084
vt 0.22961580753326416 0
vt 0.73829501867294312 0.98874557018280029
vt 0.23610258102416992 0.499267578125
vt 0.73829501867294312 0.0097895609214901924
vn -1 0 0
vn -1 0 0
vn -1 0 0
vn 0 0 1
vn 0 0 1
vn 0 0 1
vn 0.16222141683101654 0.97332853078842163 -0.16222141683101654
vn 0.16222141683101654 0.97332853078842163 -0.16222141683101654
vn 0.16222141683101654 0.97332853078842163 -0.16222141683101654
f 318/920/920 317/919/919 319/921/921
f 320/923/923 319/922/922 317/924/924
f 319/926/926 320/927/927 318/925/925
usemtl diffuse_0
v 36 0 128
v 72 0 128
v 36 6 128
v 36 0 164
vt 0 0
vt 0 0.69324195384979248
vt 0.11407548189163208 0
vt 0.11554032564163208 0
vt 0.11554032564163208 0.7028043270111084
vt 0.22961580753326416 0
vt 0.73829501867294312 0.98874557018280029
vt 0.23610258102416992 0.499267578125
vt 0.73829501867294312 0.0097895609214901924
vn 0 0 -1
vn 0 0 -1
vn 0 0 -1
vn -1 0 0
vn -1 0 0
vn -1 0 0
vn 0.16222141683101654 0.97332853078842163 0.16222141683101654
vn 0.16222141683101654 0.97332853078842163 0.16222141683101654
vn 0.16222141683101654 0.97332853078842163 0.16222141683101654
f 322/929/929 321/928/928 323/930/930
f 324/932/932 323/931/931 321/933/933
f 323/935/935 324/936/936 322/934/934
usemtl diffuse_0
v 133.45584106445313 12 119
v 108 0 92
v 133.45584106445313 12 65
v 108 0 38
v 133.45584106445313 0 65
v 133.45584106445313 0 119
v 108 0 146
vt 0.71151244640350342 0.70998942852020264
vt 0.46713250875473022 0.96545869112014771
vt 0.22275252640247345 0.70998942852020264
vt 0.10893246531486511 0.41486945748329163
vt 0.10893246531486511 0.76889997720718384
vt 0.21640008687973022 0.41486945748329163
vt 0.71151244640350342 0.41742414236068726
vt 0.46713250875473022 0.67289340496063232
vt 0.22275252640247345 0.41742414236068726
vt 0 0.41486945748329163
vt 0 0.7517244815826416
vt 0.10746762156486511 0.41486945748329163
vt 0.25 0.38032811880111694
vt 0.0049019609577953815 0.12485886365175247
vt 0.49509802460670471 0.12485886365175247
vt 0 0
vt 0 0.10893246531486511
vt 0.49019607901573181 0
vt 0.49019607901573181 0.10893246531486511
vt 0.94980591535568237 0.74400657415390015
vt 0.72016137838363647 0.98874557018280029
vt 0.72016137838363647 0.499267578125
vt 0.72016137838363647 0.0097895609214901924
vt 0.94980591535568237 0.25452858209609985
vn -0.42640143632888794 0.90453404188156128 0
vn -0.42640143632888794 0.90453404188156128 0
vn -0.42640143632888794 0.90453404188156128 0
vn 0.72760689258575439 0 -0.68599432706832886
vn 0.72760689258575439 0 -0.68599432706832886
vn 0.72760689258575439 0 -0.68599432706832886
vn -0.42640143632888794 0.90453404188156128 0
vn -0.42640143632888794 0.90453404188156128 0
vn -0.42640143632888794 0.90453404188156128 0
vn 0.72760689258575439 0 0.68599432706832886
vn 0.72760689258575439 0 0.68599432706832886
vn 0.72760689258575439 0 0.68599432706832886
vn -0.42640143632888794 0.90453404188156128 0
vn -0.42640143632888794 0.90453404188156128 0
vn -0.42640143632888794 0.90453404188156128 0
vn 1 0 0
vn 1 0 0
vn 1 0 0
vn 1 0 0
vn 0 -1 0
vn 0 -1 0
vn 0 -1 0
vn 0 -1 0
vn 0 -1 0
f 326/938/938 325/937/937 327/939/939
f 328/941/941 327/940/940 329/942/942
f 327/944/944 328/945/945 326/943/943
f 331/947/947 330/946/946 325/948/948
f 325/949/949 326/950/950 331/951/951
f 330/953/953 329/955/955 327/954/954 325/952/952
f 330/960/960 331/959/959 326/958/958
f 328/957/957 329/956/956 326/958/958
f 330/960/960 326/958/958 329/956/956
usemtl diffuse_0
v 108 0 146
v 108 12 146
v 144 0 146
v 144 12 146
v 144 0 110
v 144 12 110
v 133.45584106445313 0 110
v 133.45584106445313 12 110
v 133.45584106445313 0 119
v 133.45584106445313 12 119
vt 0.28182128071784973 0.43342775106430054
vt 0.14164306223392487 0.43342775106430054
vt 0.28182128071784973 0.85835695266723633
vt 0.14164306223392487 0.85835695266723633
vt 0.14017821848392487 0.43342775106430054
vt 0 0.43342775106430054
vt 0.14017821848392487 0.85835695266723633
vt 0 0.85835695266723633
vt 0.85689210891723633 0.3991832435131073
vt 0.71671390533447266 0.3991832435131073
vt 0.85689210891723633 0.52364212274551392
vt 0.71671390533447266 0.52364212274551392
vt 0.85689210891723633 0
vt 0.71671390533447266 0
vt 0.85689210891723633 0.10623229295015335
vt 0.71671390533447266 0.10623229295015335
vt 0.99853515625 0
vt 0.85835695266723633 0
vt 0.99853515625 0.43800696730613708
vt 0.85835695266723633 0.43800696730613708
vt 0.28752106428146362 0.43766269087791443
vt 0.71101409196853638 0.43766269087791443
vt 0.71101409196853638 0.86115574836730957
vt 0.58697587251663208 0.86115574836730957
vt 0.58697587251663208 0.75528252124786377
vt 0.42917847633361816 0.0042349305003881454
vt 0.42917847633361816 0.42772796750068665
vt 0.0042493045330047607 0.42772796750068665
vt 0.0042493045330047607 0.30368974804878235
vt 0.11048158258199692 0.30368974804878235
vn 0 0 1
vn 0 0 1
vn 0 0 1
vn 0 0 1
vn 1 0 0
vn 1 0 0
vn 1 0 0
vn 1 0 0
vn 0 0 -1
vn 0 0 -1
vn 0 0 -1
vn 0 0 -1
vn -1 0 0
vn -1 0 0
vn -1 0 0
vn -1 0 0
vn -0.72760689258575439 0 -0.68599432706832886
vn -0.72760689258575439 0 -0.68599432706832886
vn -0.72760689258575439 0 -0.68599432706832886
vn -0.72760689258575439 0 -0.68599432706832886
vn 0 -1 0
vn 0 -1 0
vn 0 -1 0
vn 0 -1 0
vn 0 -1 0
vn 0 1 0
vn 0 1 0
vn 0 1 0
vn 0 1 0
vn 0 1 0
f 333/962/962 332/961/961 334/963/963 335/964/964
f 335/966/966 334/965/965 336/967/967 337/968/968
f 337/970/970 336/969/969 338/971/971 339/972/972
f 339/974/974 338/973/973 340/975/975 341/976/976
f 341/978/978 340/977/977 332/979/979 333/980/980
f 334/982/982 332/981/981 340/985/985
f 338/984/984 336/983/983 340/985/985
f 334/982/982 340/985/985 336/983/983
f 335/987/987 341/990/990 333/986/986
f 339/989/989 341/990/990 337/988/988
f 335/987/987 337/988/988 341/990/990
usemtl diffuse_0
v 108 0 38
v 108 12 38
v 144 0 38
v 144 12 38
v 144 0 74
v 144 12 74
v 133.45584106445313 0 74
v 133.45584106445313 12 74
v 133.45584106445313 0 65
v 133.45584106445313 12 65
vt 0.28182128071784973 0.43342775106430054
vt 0.14164306223392487 0.43342775106430054
vt 0.28182128071784973 0.85835695266723633
vt 0.14164306223392487 0.85835695266723633
vt 0.14017821848392487 0.43342775106430054
vt 0 0.43342775106430054
vt 0.14017821848392487 0.85835695266723633
vt 0 0.85835695266723633
vt 0.85689210891723633 0.3991832435131073
vt 0.71671390533447266 0.3991832435131073
vt 0.85689210891723633 0.52364212274551392
vt 0.71671390533447266 0.52364212274551392
vt 0.85689210891723633 0
vt 0.71671390533447266 0
vt 0.85689210891723633 0.10623229295015335
vt 0.71671390533447266 0.10623229295015335
vt 0.99853515625 0
vt 0.85835695266723633 0
vt 0.99853515625 0.43800696730613708
vt 0.85835695266723633 0.43800696730613708
vt 0.28752106428146362 0.43766269087791443
vt 0.71101409196853638 0.43766269087791443
vt 0.71101409196853638 0.86115574836730957
vt 0.58697587251663208 0.86115574836730957
vt 0.58697587251663208 0.75528252124786377
vt 0.42917847633361816 0.0042349305003881454
vt 0.42917847633361816 0.42772796750068665
vt 0.0042493045330047607 0.42772796750068665
vt 0.0042493045330047607 0.30368974804878235
vt 0.11048158258199692 0.30368974804878235
vn 0 0 -1
vn 0 0 -1
vn 0 0 -1
vn 0 0 -1
vn 1 0 0
vn 1 0 0
vn 1 0 0
vn 1 0 0
vn 0 0 1
vn 0 0 1
vn 0 0 1
vn 0 0 1
vn -1 0 0
vn -1 0 0
vn -1 0 0
vn -1 0 0
vn -0.72760689258575439 0 0.68599432706832886
vn -0.72760689258575439 0 0.68599432706832886
vn -0.72760689258575439 0 0.68599432706832886
vn -0.72760689258575439 0 0.68599432706832886
vn 0 -1 0
vn 0 -1 0
vn 0 -1 0
vn 0 -1 0
vn 0 -1 0
vn 0 1 0
vn 0 1 0
vn 0 1 0
vn 0 1 0
vn 0 1 0
f 343/992/992 345/994/994 344/993/993 342/991/991
f 345/996/996 347/998/998 346/997/997 344/995/995
f 347/1000/1000 349/1002/1002 348/1001/1001 346/999/999
f 349/1004/1004 351/1006/1006 350/1005/1005 348/1003/1003
f 351/1008/1008 343/1010/1010 342/1009/1009 350/1007/1007
f 344/1012/1012 350/1015/1015 342/1011/1011
f 348/1014/1014 350/1015/1015 346/1013/1013
f 344/1012/1012 346/1013/1013 350/1015/1015
f 345/1017/1017 343/1016/1016 351/1020/1020
f 349/1019/1019 347/1018/1018 351/1020/1020
f 345/1017/1017 351/1020/1020 347/1018/1018
usemtl diffuse_0
v 133.45584106445313 0 110
v 133.45584106445313 12 110
v 144 0 110
v 144 12 110
v 144 0 74
v 144 12 74
v 133.45584106445313 0 74
v 133.45584106445313 12 74
vt 0 0
vt 0 0.68133246898651123
vt 0.25 0
vt 0.25 0.68133246898651123
vt 0.25 0
vt 0.25 0.68133246898651123
vt 0.5 0
vt 0.5 0.68133246898651123
vt 0.5 0
vt 0.5 0.68133246898651123
vt 0.75 0
vt 0.75 0.68133246898651123
vt 0.75 0
vt 0.75 0.68133246898651123
vt 1 0
vt 1 0.68133246898651123
vt 0.38672953844070435 1
vt 0.38672953844070435 0.68133312463760376
vt 0 0.68133312463760376
vt 0 1
vt 1 0.68133312463760376
vt 1 1
vt 0.61327046155929565 1
vt 0.61327046155929565 0.68133312463760376
vn 0 0 1
vn 0 0 1
vn 0 0 1
vn 0 0 1
vn 1 0 0
vn 1 0 0
vn 1 0 0
vn 1 0 0
vn 0 0 -1
vn 0 0 -1
vn 0 0 -1
vn 0 0 -1
vn -1 0 0
vn -1 0 0
vn -1 0 0
vn -1 0 0
vn 0 -1 0
vn 0 -1 0
vn 0 -1 0
vn 0 -1 0
vn 0 1 0
vn 0 1 0
vn 0 1 0
vn 0 1 0
f 352/1021/1021 354/1023/1023 355/1024/1024 353/1022/1022
f 354/1025/1025 356/1027/1027 357/1028/1028 355/1026/1026
f 356/1029/1029 358/1031/1031 359/1032/1032 357/1030/1030
f 358/1033/1033 352/1035/1035 353/1036/1036 359/1034/1034
f 354/1038/1038 352/1037/1037 358/1040/1040
f 358/1040/1040 356/1039/1039 354/1038/1038
f 355/1042/1042 359/1044/1044 353/1041/1041
f 359/1044/1044 355/1042/1042 357/1043/1043
usemtl diffuse_0
v 108 -12 -108
v 108 0 -108
v 144 -12 -108
v 144 0 -108
v 144 -12 -144
v 144 0 -144
v 108 -12 -144
v 108 0 -144
vt 0 0
vt 0 0.57142823934555054
vt 0.25 0
vt 0.25 0.57142823934555054
vt 0.25 0
vt 0.25 0.57142823934555054
vt 0.5 0
vt 0.5 0.57142823934555054
vt 0.5 0
vt 0.5 0.57142823934555054
vt 0.75 0
vt 0.75 0.57142823934555054
vt 0.75 0
vt 0.75 0.57142823934555054
vt 1 0
vt 1 0.57142823934555054
vt 0 1
vt 0.25 1
vt 0.25 0.57142883539199829
vt 0 0.57142883539199829
vt 0.75 0.57142883539199829
vt 1 0.57142883539199829
vt 1 1
vt 0.75 1
vn 0 0 1
vn 0 0 1
vn 0 0 1
vn 0 0 1
vn 1 0 0
vn 1 0 0
vn 1 0 0
vn 1 0 0
vn 0 0 -1
vn 0 0 -1
vn 0 0 -1
vn 0 0 -1
vn -1 0 0
vn -1 0 0
vn -1 0 0
vn -1 0 0
vn 0 -1 0
vn 0 -1 0
vn 0 -1 0
vn 0 -1 0
vn 0 1 0
vn 0 1 0
vn 0 1 0
vn 0 1 0
f 360/1045/1045 362/1047/1047 363/1048/1048 361/1046/1046
f 362/1049/1049 364/1051/1051 365/1052/1052 363/1050/1050
f 364/1053/1053 366/1055/1055 367/1056/1056 365/1054/1054
f 366/1057/1057 360/1059/1059 361/1060/1060 367/1058/1058
f 362/1062/1062 360/1061/1061 366/1064/1064
f 366/1064/1064 364/1063/1063 362/1062/1062
f 363/1066/1066 367/1068/1068 361/1065/1065
f 367/1068/1068 363/1066/1066 365/1067/1067
usemtl diffuse_0
v 108 -12 180
v 108 0 180
v 144 -12 180
v 144 0 180
v 144 -12 -108
v 144 0 -108
v 108 -12 -108
v 108 0 -108
vt 0 0
vt 0 0.57142823934555054
vt 0.25 0
vt 0.25 0.57142823934555054
vt 0.25 0
vt 0.25 0.57142823934555054
vt 0.5 0
vt 0.5 0.57142823934555054
vt 0.5 0
vt 0.5 0.57142823934555054
vt 0.75 0
vt 0.75 0.57142823934555054
vt 0.75 0
vt 0.75 0.57142823934555054
vt 1 0
vt 1 0.57142823934555054
vt 0.4444444477558136 1
vt 0.4444444477558136 0.57142883539199829
vt 0 0.57142883539199829
vt 0 1
vt 1 0.57142883539199829
vt 1 1
vt 0.55555558204650879 1
vt 0.55555558204650879 0.57142883539199829
vn 0 0 1
vn 0 0 1
vn 0 0 1
vn 0 0 1
vn 1 0 0
vn 1 0 0
vn 1 0 0
vn 1 0 0
vn 0 0 -1
vn 0 0 -1
vn 0 0 -1
vn 0 0 -1
vn -1 0 0
vn -1 0 0
vn -1 0 0
vn -1 0 0
vn 0 -1 0
vn 0 -1 0
vn 0 -1 0
vn 0 -1 0
vn 0 1 0
vn 0 1 0
vn 0 1 0
vn 0 1 0
f 368/1069/1069 370/1071/1071 371/1072/1072 369/1070/1070
f 370/1073/1073 372/1075/1075 373/1076/1076 371/1074/1074
f 372/1077/1077 374/1079/1079 375/1080/1080 373/1078/1078
f 374/1081/1081 368/1083/1083 369/1084/1084 375/1082/1082
f 370/1086/1086 368/1085/1085 374/1088/1088
f 374/1088/1088 372/1087/1087 370/1086/1086
f 371/1090/1090 375/1092/1092 369/1089/1089
f 375/1092/1092 371/1090/1090 373/1091/1091
usemtl diffuse_0
v 97.455841064453125 12 -36
v 97.455841064453125 24 -36
v 108 12 -36
v 108 24 -36
v 108 12 -72
v 108 24 -72
v 97.455841064453125 12 -72
v 97.455841064453125 24 -72
vt 0 0
vt 0 0.68133246898651123
vt 0.25 0
vt 0.25 0.68133246898651123
vt 0.25 0
vt 0.25 0.68133246898651123
vt 0.5 0
vt 0.5 0.68133246898651123
vt 0.5 0
vt 0.5 0.68133246898651123
vt 0.75 0
vt 0.75 0.68133246898651123
vt 0.75 0
vt 0.75 0.68133246898651123
vt 1 0
vt 1 0.68133246898651123
vt 0.38672953844070435 1
vt 0.38672953844070435 0.68133312463760376
vt 0 0.68133312463760376
vt 0 1
vt 1 0.68133312463760376
vt 1 1
vt 0.61327046155929565 1
vt 0.61327046155929565 0.68133312463760376
vn 0 0 1
vn 0 0 1
vn 0 0 1
vn 0 0 1
vn 1 0 0
vn 1 0 0
vn 1 0 0
vn 1 0 0
vn 0 0 -1
vn 0 0 -1
vn 0 0 -1
vn 0 0 -1
vn -1 0 0
vn -1 0 0
vn -1 0 0
vn -1 0 0
vn 0 -1 0
vn 0 -1 0
vn 0 -1 0
vn 0 -1 0
vn 0 1 0
vn 0 1 0
vn 0 1 0
vn 0 1 0
f 376/1093/1093 378/1095/1095 379/1096/1096 377/1094/1094
f 378/1097/1097 380/1099/1099 381/1100/1100 379/1098/1098
f 380/1101/1101 382/1103/1103 383/1104/1104 381/1102/1102
f 382/1105/1105 376/1107/1107 377/1108/1108 383/1106/1106
f 378/1110/1110 376/1109/1109 382/1112/1112
f 382/1112/1112 380/1111/1111 378/1110/1110
f 379/1114/1114 383/1116/1116 377/1113/1113
f 383/1116/1116 379/1114/1114 381/1115/1115
usemtl diffuse_0
v 72 12 -108
v 72 24 -108
v 108 12 -108
v 108 24 -108
v 108 12 -72
v 108 24 -72
v 97.455841064453125 12 -72
v 97.455841064453125 24 -72
v 97.455841064453125 12 -81
v 97.455841064453125 24 -81
vt 0.28182128071784973 0.43342775106430054
vt 0.14164306223392487 0.43342775106430054
vt 0.28182128071784973 0.85835695266723633
vt 0.14164306223392487 0.85835695266723633
vt 0.14017821848392487 0.43342775106430054
vt 0 0.43342775106430054
vt 0.14017821848392487 0.85835695266723633
vt 0 0.85835695266723633
vt 0.85689210891723633 0.3991832435131073
vt 0.71671390533447266 0.3991832435131073
vt 0.85689210891723633 0.52364212274551392
vt 0.71671390533447266 0.52364212274551392
vt 0.85689210891723633 0
vt 0.71671390533447266 0
vt 0.85689210891723633 0.10623229295015335
vt 0.71671390533447266 0.10623229295015335
vt 0.99853515625 0
vt 0.85835695266723633 0
vt 0.99853515625 0.43800696730613708
vt 0.85835695266723633 0.43800696730613708
vt 0.28752106428146362 0.43766269087791443
vt 0.71101409196853638 0.43766269087791443
vt 0.71101409196853638 0.86115574836730957
vt 0.58697587251663208 0.86115574836730957
vt 0.58697587251663208 0.75528252124786377
vt 0.42917847633361816 0.0042349305003881454
vt 0.42917847633361816 0.42772796750068665
vt 0.0042493045330047607 0.42772796750068665
vt 0.0042493045330047607 0.30368974804878235
vt 0.11048158258199692 0.30368974804878235
vn 0 0 -1
vn 0 0 -1
vn 0 0 -1
vn 0 0 -1
vn 1 0 0
vn 1 0 0
vn 1 0 0
vn 1 0 0
vn 0 0 1
vn 0 0 1
vn 0 0 1
vn 0 0 1
vn -1 0 0
vn -1 0 0
vn -1 0 0
vn -1 0 0
vn -0.72760689258575439 0 0.68599432706832886
vn -0.72760689258575439 0 0.68599432706832886
vn -0.72760689258575439 0 0.68599432706832886
vn -0.72760689258575439 0 0.68599432706832886
vn 0 -1 0
vn 0 -1 0
vn 0 -1 0
vn 0 -1 0
vn 0 -1 0
vn 0 1 0
vn 0 1 0
vn 0 1 0
vn 0 1 0
vn 0 1 0
f 385/1118/1118 387/1120/1120 386/1119/1119 384/1117/1117
f 387/1122/1122 389/1124/1124 388/1123/1123 386/1121/1121
f 389/1126/1126 391/1128/1128 390/1127/1127 388/1125/1125
f 391/1130/1130 393/1132/1132 392/1131/1131 390/1129/1129
f 393/1134/1134 385/1136/1136 384/1135/1135 392/1133/1133
f 386/1138/1138 392/1141/1141 384/1137/1137
f 390/1140/1140 392/1141/1141 388/1139/1139
f 386/1138/1138 388/1139/1139 392/1141/1141
f 387/1143/1143 385/1142/1142 393/1146/1146
f 391/1145/1145 389/1144/1144 393/1146/1146
f 387/1143/1143 393/1146/1146 389/1144/1144
usemtl diffuse_0
v 72 12 0
v 72 24 0
v 108 12 0
v 108 24 0
v 108 12 -36
v 108 24 -36
v 97.455841064453125 12 -36
v 97.455841064453125 24 -36
v 97.455841064453125 12 -27
v 97.455841064453125 24 -27
vt 0.28182128071784973 0.43342775106430054
vt 0.14164306223392487 0.43342775106430054
vt 0.28182128071784973 0.85835695266723633
vt 0.14164306223392487 0.85835695266723633
vt 0.14017821848392487 0.43342775106430054
vt 0 0.43342775106430054
vt 0.14017821848392487 0.85835695266723633
vt 0 0.85835695266723633
vt 0.85689210891723633 0.3991832435131073
vt 0.71671390533447266 0.3991832435131073
vt 0.85689210891723633 0.52364212274551392
vt 0.71671390533447266 0.52364212274551392
vt 0.85689210891723633 0
vt 0.71671390533447266 0
vt 0.85689210891723633 0.10623229295015335
vt 0.71671390533447266 0.10623229295015335
vt 0.99853515625 0
vt 0.85835695266723633 0
vt 0.99853515625 0.43800696730613708
vt 0.85835695266723633 0.43800696730613708
vt 0.28752106428146362 0.43766269087791443
vt 0.71101409196853638 0.43766269087791443
vt 0.71101409196853638 0.86115574836730957
vt 0.58697587251663208 0.86115574836730957
vt 0.58697587251663208 0.75528252124786377
vt 0.42917847633361816 0.0042349305003881454
vt 0.42917847633361816 0.42772796750068665
vt 0.0042493045330047607 0.42772796750068665
vt 0.0042493045330047607 0.30368974804878235
vt 0.11048158258199692 0.30368974804878235
vn 0 0 1
vn 0 0 1
vn 0 0 1
vn 0 0 1
vn 1 0 0
vn 1 0 0
vn 1 0 0
vn 1 0 0
vn 0 0 -1
vn 0 0 -1
vn 0 0 -1
vn 0 0 -1
vn -1 0 0
vn -1 0 0
vn -1 0 0
vn -1 0 0
vn -0.72760689258575439 0 -0.68599432706832886
vn -0.72760689258575439 0 -0.68599432706832886
vn -0.72760689258575439 0 -0.68599432706832886
vn -0.72760689258575439 0 -0.68599432706832886
vn 0 -1 0
vn 0 -1 0
vn 0 -1 0
vn 0 -1 0
vn 0 -1 0
vn 0 1 0
vn 0 1 0
vn 0 1 0
vn 0 1 0
vn 0 1 0
f 395/1148/1148 394/1147/1147 396/1149/1149 397/1150/1150
f 397/1152/1152 396/1151/1151 398/1153/1153 399/1154/1154
f 399/1156/1156 398/1155/1155 400/1157/1157 401/1158/1158
f 401/1160/1160 400/1159/1159 402/1161/1161 403/1162/1162
f 403/1164/1164 402/1163/1163 394/1165/1165 395/1166/1166
f 396/1168/1168 394/1167/1167 402/1171/1171
f 400/1170/1170 398/1169/1169 402/1171/1171
f 396/1168/1168 402/1171/1171 398/1169/1169
f 397/1173/1173 403/1176/1176 395/1172/1172
f 401/1175/1175 403/1176/1176 399/1174/1174
f 397/1173/1173 399/1174/1174 403/1176/1176
usemtl diffuse_0
v 97.455841064453125 24 -27
v 72 12 -54
v 97.455841064453125 24 -81
v 72 12 -108
v 97.455841064453125 12 -81
v 97.455841064453125 12 -27
v 72 12 0
vt 0.71151244640350342 0.70998942852020264
vt 0.46713250875473022 0.96545869112014771
vt 0.22275252640247345 0.70998942852020264
vt 0.10893246531486511 0.41486945748329163
vt 0.10893246531486511 0.76889997720718384
vt 0.21640008687973022 0.41486945748329163
vt 0.49509802460670471 0.12485886365175247
vt 0.25 0.38032811880111694
vt 0.0049019609577953815 0.12485886365175247
vt 0 0.41486945748329163
vt 0 0.7517244815826416
vt 0.10746762156486511 0.41486945748329163
vt 0.46713250875473022 0.67289340496063232
vt 0.22275252640247345 0.41742414236068726
vt 0.71151244640350342 0.41742414236068726
vt 0 0
vt 0 0.10893246531486511
vt 0.49019607901573181 0
vt 0.49019607901573181 0.10893246531486511
vt 0.94980591535568237 0.74400657415390015
vt 0.72016137838363647 0.98874557018280029
vt 0.72016137838363647 0.499267578125
vt 0.72016137838363647 0.0097895609214901924
vt 0.94980591535568237 0.25452858209609985
vn -0.42640143632888794 0.90453404188156128 0
vn -0.42640143632888794 0.90453404188156128 0
vn -0.42640143632888794 0.90453404188156128 0
vn 0.72760689258575439 0 -0.68599432706832886
vn 0.72760689258575439 0 -0.68599432706832886
vn 0.72760689258575439 0 -0.68599432706832886
vn -0.42640143632888794 0.90453404188156128 0
vn -0.42640143632888794 0.90453404188156128 0
vn -0.42640143632888794 0.90453404188156128 0
vn 0.72760689258575439 0 0.68599432706832886
vn 0.72760689258575439 0 0.68599432706832886
vn 0.72760689258575439 0 0.68599432706832886
vn -0.42640143632888794 0.90453404188156128 0
vn -0.42640143632888794 0.90453404188156128 0
vn -0.42640143632888794 0.90453404188156128 0
vn 1 0 0
vn 1 0 0
vn 1 0 0
vn 1 0 0
vn 0 -1 0
vn 0 -1 0
vn 0 -1 0
vn 0 -1 0
vn 0 -1 0
f 405/1178/1178 404/1177/1177 406/1179/1179
f 407/1181/1181 406/1180/1180 408/1182/1182
f 406/1184/1184 407/1185/1185 405/1183/1183
f 410/1187/1187 409/1186/1186 404/1188/1188
f 404/1189/1189 405/1190/1190 410/1191/1191
f 409/1193/1193 408/1195/1195 406/1194/1194 404/1192/1192
f 409/1200/1200 410/1199/1199 405/1198/1198
f 407/1197/1197 408/1196/1196 405/1198/1198
f 409/1200/1200 405/1198/1198 408/1196/1196
usemtl diffuse_0
v 72 0 -72
v 72 12 -72
v 108 0 -72
v 108 12 -72
v 108 0 -108
v 108 12 -108
v 72 0 -108
v 72 12 -108
vt 0 0
vt 0 0.57142823934555054
vt 0.25 0
vt 0.25 0.57142823934555054
vt 0.25 0
vt 0.25 0.57142823934555054
vt 0.5 0
vt 0.5 0.57142823934555054
vt 0.5 0
vt 0.5 0.57142823934555054
vt 0.75 0
vt 0.75 0.57142823934555054
vt 0.75 0
vt 0.75 0.57142823934555054
vt 1 0
vt 1 0.57142823934555054
vt 0 1
vt 0.25 1
vt 0.25 0.57142883539199829
vt 0 0.57142883539199829
vt 0.75 0.57142883539199829
vt 1 0.57142883539199829
vt 1 1
vt 0.75 1
vn 0 0 1
vn 0 0 1
vn 0 0 1
vn 0 0 1
vn 1 0 0
vn 1 0 0
vn 1 0 0
vn 1 0 0
vn 0 0 -1
vn 0 0 -1
vn 0 0 -1
vn 0 0 -1
vn -1 0 0
vn -1 0 0
vn -1 0 0
vn -1 0 0
vn 0 -1 0
vn 0 -1 0
vn 0 -1 0
vn 0 -1 0
vn 0 1 0
vn 0 1 0
vn 0 1 0
vn 0 1 0
f 411/1201/1201 413/1203/1203 414/1204/1204 412/1202/1202
f 413/1205/1205 415/1207/1207 416/1208/1208 414/1206/1206
f 415/1209/1209 417/1211/1211 418/1212/1212 416/1210/1210
f 417/1213/1213 411/1215/1215 412/1216/1216 418/1214/1214
f 413/1218/1218 411/1217/1217 417/1220/1220
f 417/1220/1220 415/1219/1219 413/1218/1218
f 414/1222/1222 418/1224/1224 412/1221/1221
f 418/1224/1224 414/1222/1222 416/1223/1223
usemtl diffuse_0
v -36 0 180
v -36 0 144
v -36 12 180
v -36 12 144
v 0 0 180
v 0 0 144
vt 0 0.49504950642585754
vt 0 0.99009901285171509
vt 0.16355165839195251 0.49504950642585754
vt 0.16355165839195251 0.99009901285171509
vt 0 0
vt 0 0.49358466267585754
vt 0.49504950642585754 0
vt 0.49504950642585754 0.49358466267585754
vt 0.99523484706878662 0
vt 0.50165015459060669 0
vt 0.99523484706878662 0.52182799577713013
vt 0.50165015459060669 0.52182799577713013
vt 0.33496913313865662 0.49998563528060913
vt 0.49854952096939087 0.49998563528060913
vt 0.49854952096939087 0.99359899759292603
vt 0.16665230691432953 0.49998563528060913
vt 0.33023267984390259 0.49998563528060913
vt 0.33023267984390259 0.99359899759292603
vn -1 0 0
vn -1 0 0
vn -1 0 0
vn -1 0 0
vn 0 -1 0
vn 0 -1 0
vn 0 -1 0
vn 0 -1 0
vn 0.31622776389122009 0.94868332147598267 0
vn 0.31622776389122009 0.94868332147598267 0
vn 0.31622776389122009 0.94868332147598267 0
vn 0.31622776389122009 0.94868332147598267 0
vn 0 0 1
vn 0 0 1
vn 0 0 1
vn 0 0 -1
vn 0 0 -1
vn 0 0 -1
f 420/1226/1226 419/1225/1225 421/1227/1227 422/1228/1228
f 424/1230/1230 423/1229/1229 419/1231/1231 420/1232/1232
f 422/1234/1234 421/1233/1233 423/1235/1235 424/1236/1236
f 421/1237/1237 419/1238/1238 423/1239/1239
f 422/1240/1240 424/1242/1242 420/1241/1241
usemtl diffuse_0
v -108 12 144
v -108 12 180
v -108 24 144
v -108 24 180
v -144 12 144
v -144 12 180
vt 0 0.49504950642585754
vt 0 0.99009901285171509
vt 0.16355165839195251 0.49504950642585754
vt 0.16355165839195251 0.99009901285171509
vt 0.49504950642585754 0
vt 0 0
vt 0.49504950642585754 0.49358466267585754
vt 0 0.49358466267585754
vt 0.99523484706878662 0
vt 0.50165015459060669 0
vt 0.99523484706878662 0.52182799577713013
vt 0.50165015459060669 0.52182799577713013
vt 0.33496913313865662 0.49998563528060913
vt 0.49854952096939087 0.49998563528060913
vt 0.49854952096939087 0.99359899759292603
vt 0.16665230691432953 0.49998563528060913
vt 0.33023267984390259 0.49998563528060913
vt 0.33023267984390259 0.99359899759292603
vn 1 0 0
vn 1 0 0
vn 1 0 0
vn 1 0 0
vn 0 -1 0
vn 0 -1 0
vn 0 -1 0
vn 0 -1 0
vn -0.31622776389122009 0.94868332147598267 0
vn -0.31622776389122009 0.94868332147598267 0
vn -0.31622776389122009 0.94868332147598267 0
vn -0.31622776389122009 0.94868332147598267 0
vn 0 0 -1
vn 0 0 -1
vn 0 0 -1
vn 0 0 1
vn 0 0 1
vn 0 0 1
f 426/1244/1244 425/1243/1243 427/1245/1245 428/1246/1246
f 430/1248/1248 429/1247/1247 425/1249/1249 426/1250/1250
f 428/1252/1252 427/1251/1251 429/1253/1253 430/1254/1254
f 427/1255/1255 425/1256/1256 429/1257/1257
f 428/1258/1258 430/1260/1260 426/1259/1259
usemtl diffuse_0
v -144 0 144
v -180 0 144
v -144 12 144
v -180 12 144
v -144 0 108
v -180 0 108
vt 0 0.49504950642585754
vt 0 0.99009901285171509
vt 0.16355165839195251 0.49504950642585754
vt 0.16355165839195251 0.99009901285171509
vt 0.49504950642585754 0
vt 0 0
vt 0.49504950642585754 0.49358466267585754
vt 0 0.49358466267585754
vt 0.99523484706878662 0
vt 0.50165015459060669 0
vt 0.99523484706878662 0.52182799577713013
vt 0.50165015459060669 0.52182799577713013
vt 0.33496913313865662 0.49998563528060913
vt 0.49854952096939087 0.49998563528060913
vt 0.49854952096939087 0.99359899759292603
vt 0.16665230691432953 0.49998563528060913
vt 0.33023267984390259 0.49998563528060913
vt 0.33023267984390259 0.99359899759292603
vn 0 0 1
vn 0 0 1
vn 0 0 1
vn 0 0 1
vn 0 -1 0
vn 0 -1 0
vn 0 -1 0
vn 0 -1 0
vn 0 0.94868332147598267 -0.31622776389122009
vn 0 0.94868332147598267 -0.31622776389122009
vn 0 0.94868332147598267 -0.31622776389122009
vn 0 0.94868332147598267 -0.31622776389122009
vn 1 0 0
vn 1 0 0
vn 1 0 0
vn -1 0 0
vn -1 0 0
vn -1 0 0
f 432/1262/1262 431/1261/1261 433/1263/1263 434/1264/1264
f 436/1266/1266 435/1265/1265 431/1267/1267 432/1268/1268
f 434/1270/1270 433/1269/1269 435/1271/1271 436/1272/1272
f 433/1273/1273 431/1274/1274 435/1275/1275
f 434/1276/1276 436/1278/1278 432/1277/1277
usemtl diffuse_0
v -180 0 180
v -180 12 180
v -144 0 180
v -144 12 180
v -144 0 144
v -144 12 144
v -180 0 144
v -180 12 144
vt 0 0
vt 0 0.57142823934555054
vt 0.25 0
vt 0.25 0.57142823934555054
vt 0.25 0
vt 0.25 0.57142823934555054
vt 0.5 0
vt 0.5 0.57142823934555054
vt 0.5 0
vt 0.5 0.57142823934555054
vt 0.75 0
vt 0.75 0.57142823934555054
vt 0.75 0
vt 0.75 0.57142823934555054
vt 1 0
vt 1 0.57142823934555054
vt 0 1
vt 0.25 1
vt 0.25 0.57142883539199829
vt 0 0.57142883539199829
vt 0.75 0.57142883539199829
vt 1 0.57142883539199829
vt 1 1
vt 0.75 1
vn 0 0 1
vn 0 0 1
vn 0 0 1
vn 0 0 1
vn 1 0 0
vn 1 0 0
vn 1 0 0
vn 1 0 0
vn 0 0 -1
vn 0 0 -1
vn 0 0 -1
vn 0 0 -1
vn -1 0 0
vn -1 0 0
vn -1 0 0
vn -1 0 0
vn 0 -1 0
vn 0 -1 0
vn 0 -1 0
vn 0 -1 0
vn 0 1 0
vn 0 1 0
vn 0 1 0
vn 0 1 0
f 437/1279/1279 439/1281/1281 440/1282/1282 438/1280/1280
f 439/1283/1283 441/1285/1285 442/1286/1286 440/1284/1284
f 441/1287/1287 443/1289/1289 444/1290/1290 442/1288/1288
f 443/1291/1291 437/1293/1293 438/1294/1294 444/1292/1292
f 439/1296/1296 437/1295/1295 443/1298/1298
f 443/1298/1298 441/1297/1297 439/1296/1296
f 440/1300/1300 444/1302/1302 438/1299/1299
f 444/1302/1302 440/1300/1300 442/1301/1301
usemtl diffuse_0
v -72 0 180
v -72 12 180
v -36 0 180
v -36 12 180
v -36 0 144
v -36 12 144
v -72 0 144
v -72 12 144
vt 0 0
vt 0 0.57142823934555054
vt 0.25 0
vt 0.25 0.57142823934555054
vt 0.25 0
vt 0.25 0.57142823934555054
vt 0.5 0
vt 0.5 0.57142823934555054
vt 0.5 0
vt 0.5 0.57142823934555054
vt 0.75 0
vt 0.75 0.57142823934555054
vt 0.75 0
vt 0.75 0.57142823934555054
vt 1 0
vt 1 0.57142823934555054
vt 0 1
vt 0.25 1
vt 0.25 0.57142883539199829
vt 0 0.57142883539199829
vt 0.75 0.57142883539199829
vt 1 0.57142883539199829
vt 1 1
vt 0.75 1
vn 0 0 1
vn 0 0 1
vn 0 0 1
vn 0 0 1
vn 1 0 0
vn 1 0 0
vn 1 0 0
vn 1 0 0
vn 0 0 -1
vn 0 0 -1
vn 0 0 -1
vn 0 0 -1
vn -1 0 0
vn -1 0 0
vn -1 0 0
vn -1 0 0
vn 0 -1 0
vn 0 -1 0
vn 0 -1 0
vn 0 -1 0
vn 0 1 0
vn 0 1 0
vn 0 1 0
vn 0 1 0
f 445/1303/1303 447/1305/1305 448/1306/1306 446/1304/1304
f 447/1307/1307 449/1309/1309 450/1310/1310 448/1308/1308
f 449/1311/1311 451/1313/1313 452/1314/1314 450/1312/1312
f 451/1315/1315 445/1317/1317 446/1318/1318 452/1316/1316
f 447/1320/1320 445/1319/1319 451/1322/1322
f 451/1322/1322 449/1321/1321 447/1320/1320
f 448/1324/1324 452/1326/1326 446/1323/1323
f 452/1326/1326 448/1324/1324 450/1325/1325
usemtl diffuse_0
v -108 0 180
v -108 24 180
v -72 0 180
v -72 24 180
v -72 0 144
v -72 24 144
v -108 0 144
v -108 24 144
vt 0 0
vt 0 0.62499958276748657
vt 0.25 0
vt 0.25 0.62499958276748657
vt 0.25 0
vt 0.25 0.62499958276748657
vt 0.5 0
vt 0.5 0.62499958276748657
vt 0.5 0
vt 0.5 0.62499958276748657
vt 0.75 0
vt 0.75 0.62499958276748657
vt 0.75 0
vt 0.75 0.62499958276748657
vt 1 0
vt 1 0.62499958276748657
vt 0 1
vt 0.25 1
vt 0.25 0.6250002384185791
vt 0 0.6250002384185791
vt 0.75 0.6250002384185791
vt 1 0.6250002384185791
vt 1 1
vt 0.75 1
vn 0 0 1
vn 0 0 1
vn 0 0 1
vn 0 0 1
vn 1 0 0
vn 1 0 0
vn 1 0 0
vn 1 0 0
vn 0 0 -1
vn 0 0 -1
vn 0 0 -1
vn 0 0 -1
vn -1 0 0
vn -1 0 0
vn -1 0 0
vn -1 0 0
vn 0 -1 0
vn 0 -1 0
vn 0 -1 0
vn 0 -1 0
vn 0 1 0
vn 0 1 0
vn 0 1 0
vn 0 1 0
f 453/1327/1327 455/1329/1329 456/1330/1330 454/1328/1328
f 455/1331/1331 457/1333/1333 458/1334/1334 456/1332/1332
f 457/1335/1335 459/1337/1337 460/1338/1338 458/1336/1336
f 459/1339/1339 453/1341/1341 454/1342/1342 460/1340/1340
f 455/1344/1344 453/1343/1343 459/1346/1346
f 459/1346/1346 457/1345/1345 455/1344/1344
f 456/1348/1348 460/1350/1350 454/1347/1347
f 460/1350/1350 456/1348/1348 458/1349/1349
usemtl diffuse_0
v -144 0 180
v -144 12 180
v -108 0 180
v -108 12 180
v -108 0 144
v -108 12 144
v -144 0 144
v -144 12 144
vt 0 0
vt 0 0.57142823934555054
vt 0.25 0
vt 0.25 0.57142823934555054
vt 0.25 0
vt 0.25 0.57142823934555054
vt 0.5 0
vt 0.5 0.57142823934555054
vt 0.5 0
vt 0.5 0.57142823934555054
vt 0.75 0
vt 0.75 0.57142823934555054
vt 0.75 0
vt 0.75 0.57142823934555054
vt 1 0
vt 1 0.57142823934555054
vt 0 1
vt 0.25 1
vt 0.25 0.57142883539199829
vt 0 0.57142883539199829
vt 0.75 0.57142883539199829
vt 1 0.57142883539199829
vt 1 1
vt 0.75 1
vn 0 0 1
vn 0 0 1
vn 0 0 1
vn 0 0 1
vn 1 0 0
vn 1 0 0
vn 1 0 0
vn 1 0 0
vn 0 0 -1
vn 0 0 -1
vn 0 0 -1
vn 0 0 -1
vn -1 0 0
vn -1 0 0
vn -1 0 0
vn -1 0 0
vn 0 -1 0
vn 0 -1 0
vn 0 -1 0
vn 0 -1 0
vn 0 1 0
vn 0 1 0
vn 0 1 0
vn 0 1 0
f 461/1351/1351 463/1353/1353 464/1354/1354 462/1352/1352
f 463/1355/1355 465/1357/1357 466/1358/1358 464/1356/1356
f 465/1359/1359 467/1361/1361 468/1362/1362 466/1360/1360
f 467/1363/1363 461/1365/1365 462/1366/1366 468/1364/1364
f 463/1368/1368 461/1367/1367 467/1370/1370
f 467/1370/1370 465/1369/1369 463/1368/1368
f 464/1372/1372 468/1374/1374 462/1371/1371
f 468/1374/1374 464/1372/1372 466/1373/1373
usemtl diffuse_0
v -72 12 -108
v -72 12 -72
v -72 24 -108
v -72 24 -72
v -108 12 -108
v -108 12 -72
vt 0 0.49504950642585754
vt 0 0.99009901285171509
vt 0.16355165839195251 0.49504950642585754
vt 0.16355165839195251 0.99009901285171509
vt 0 0
vt 0 0.49358466267585754
vt 0.49504950642585754 0
vt 0.49504950642585754 0.49358466267585754
vt 0.99523484706878662 0
vt 0.50165015459060669 0
vt 0.99523484706878662 0.52182799577713013
vt 0.50165015459060669 0.52182799577713013
vt 0.33496913313865662 0.49998563528060913
vt 0.49854952096939087 0.49998563528060913
vt 0.49854952096939087 0.99359899759292603
vt 0.16665230691432953 0.49998563528060913
vt 0.33023267984390259 0.49998563528060913
vt 0.33023267984390259 0.99359899759292603
vn 1 0 0
vn 1 0 0
vn 1 0 0
vn 1 0 0
vn 0 -1 0
vn 0 -1 0
vn 0 -1 0
vn 0 -1 0
vn -0.31622776389122009 0.94868332147598267 0
vn -0.31622776389122009 0.94868332147598267 0
vn -0.31622776389122009 0.94868332147598267 0
vn -0.31622776389122009 0.94868332147598267 0
vn 0 0 -1
vn 0 0 -1
vn 0 0 -1
vn 0 0 1
vn 0 0 1
vn 0 0 1
f 470/1376/1376 469/1375/1375 471/1377/1377 472/1378/1378
f 474/1380/1380 473/1379/1379 469/1381/1381 470/1382/1382
f 472/1384/1384 471/1383/1383 473/1385/1385 474/1386/1386
f 471/1387/1387 469/1388/1388 473/1389/1389
f 472/1390/1390 474/1392/1392 470/1391/1391
usemtl diffuse_0
v -36 12 -72
v -36 12 -108
v -36 24 -72
v -36 24 -108
v 0 12 -72
v 0 12 -108
vt 0 0.49504950642585754
vt 0 0.99009901285171509
vt 0.16355165839195251 0.49504950642585754
vt 0.16355165839195251 0.99009901285171509
vt 0 0
vt 0 0.49358466267585754
vt 0.49504950642585754 0
vt 0.49504950642585754 0.49358466267585754
vt 0.99523484706878662 0
vt 0.50165015459060669 0
vt 0.99523484706878662 0.52182799577713013
vt 0.50165015459060669 0.52182799577713013
vt 0.33496913313865662 0.49998563528060913
vt 0.49854952096939087 0.49998563528060913
vt 0.49854952096939087 0.99359899759292603
vt 0.16665230691432953 0.49998563528060913
vt 0.33023267984390259 0.49998563528060913
vt 0.33023267984390259 0.99359899759292603
vn -1 0 0
vn -1 0 0
vn -1 0 0
vn -1 0 0
vn 0 -1 0
vn 0 -1 0
vn 0 -1 0
vn 0 -1 0
vn 0.31622776389122009 0.94868332147598267 0
vn 0.31622776389122009 0.94868332147598267 0
vn 0.31622776389122009 0.94868332147598267 0
vn 0.31622776389122009 0.94868332147598267 0
vn 0 0 1
vn 0 0 1
vn 0 0 1
vn 0 0 -1
vn 0 0 -1
vn 0 0 -1
f 476/1394/1394 475/1393/1393 477/1395/1395 478/1396/1396
f 480/1398/1398 479/1397/1397 475/1399/1399 476/1400/1400
f 478/1402/1402 477/1401/1401 479/1403/1403 480/1404/1404
f 477/1405/1405 475/1406/1406 479/1407/1407
f 478/1408/1408 480/1410/1410 476/1409/1409
usemtl diffuse_0
v -216 -12 -108
v -216 0 -108
v -180 -12 -108
v -180 0 -108
v -180 -12 -144
v -180 0 -144
v -216 -12 -144
v -216 0 -144
vt 0 0
vt 0 0.57142823934555054
vt 0.25 0
vt 0.25 0.57142823934555054
vt 0.25 0
vt 0.25 0.57142823934555054
vt 0.5 0
vt 0.5 0.57142823934555054
vt 0.5 0
vt 0.5 0.57142823934555054
vt 0.75 0
vt 0.75 0.57142823934555054
vt 0.75 0
vt 0.75 0.57142823934555054
vt 1 0
vt 1 0.57142823934555054
vt 0 1
vt 0.25 1
vt 0.25 0.57142883539199829
vt 0 0.57142883539199829
vt 0.75 0.57142883539199829
vt 1 0.57142883539199829
vt 1 1
vt 0.75 1
vn 0 0 1
vn 0 0 1
vn 0 0 1
vn 0 0 1
vn 1 0 0
vn 1 0 0
vn 1 0 0
vn 1 0 0
vn 0 0 -1
vn 0 0 -1
vn 0 0 -1
vn 0 0 -1
vn -1 0 0
vn -1 0 0
vn -1 0 0
vn -1 0 0
vn 0 -1 0
vn 0 -1 0
vn 0 -1 0
vn 0 -1 0
vn 0 1 0
vn 0 1 0
vn 0 1 0
vn 0 1 0
f 481/1411/1411 483/1413/1413 484/1414/1414 482/1412/1412
f 483/1415/1415 485/1417/1417 486/1418/1418 484/1416/1416
f 485/1419/1419 487/1421/1421 488/1422/1422 486/1420/1420
f 487/1423/1423 481/1425/1425 482/1426/1426 488/1424/1424
f 483/1428/1428 481/1427/1427 487/1430/1430
f 487/1430/1430 485/1429/1429 483/1428/1428
f 484/1432/1432 488/1434/1434 482/1431/1431
f 488/1434/1434 484/1432/1432 486/1433/1433
usemtl diffuse_0
v -180 -12 -144
v -180 0 -144
v -180 -12 -108
v -180 0 -108
v 108 -12 -108
v 108 0 -108
v 108 -12 -144
v 108 0 -144
vt 0 0
vt 0 0.57142823934555054
vt 0.25 0
vt 0.25 0.57142823934555054
vt 0.25 0
vt 0.25 0.57142823934555054
vt 0.5 0
vt 0.5 0.57142823934555054
vt 0.5 0
vt 0.5 0.57142823934555054
vt 0.75 0
vt 0.75 0.57142823934555054
vt 0.75 0
vt 0.75 0.57142823934555054
vt 1 0
vt 1 0.57142823934555054
vt 0.4444444477558136 1
vt 0.4444444477558136 0.57142883539199829
vt 0 0.57142883539199829
vt 0 1
vt 1 0.57142883539199829
vt 1 1
vt 0.55555558204650879 1
vt 0.55555558204650879 0.57142883539199829
vn -1 0 0
vn -1 0 0
vn -1 0 0
vn -1 0 0
vn 0 0 1
vn 0 0 1
vn 0 0 1
vn 0 0 1
vn 1 0 0
vn 1 0 0
vn 1 0 0
vn 1 0 0
vn 0 0 -1
vn 0 0 -1
vn 0 0 -1
vn 0 0 -1
vn 0 -1 0
vn 0 -1 0
vn 0 -1 0
vn 0 -1 0
vn 0 1 0
vn 0 1 0
vn 0 1 0
vn 0 1 0
f 489/1435/1435 491/1437/1437 492/1438/1438 490/1436/1436
f 491/1439/1439 493/1441/1441 494/1442/1442 492/1440/1440
f 493/1443/1443 495/1445/1445 496/1446/1446 494/1444/1444
f 495/1447/1447 489/1449/1449 490/1450/1450 496/1448/1448
f 491/1452/1452 489/1451/1451 495/1454/1454
f 495/1454/1454 493/1453/1453 491/1452/1452
f 492/1456/1456 496/1458/1458 490/1455/1455
f 496/1458/1458 492/1456/1456 494/1457/1457
usemtl diffuse_0
v -216 -12 180
v -216 0 180
v -180 -12 180
v -180 0 180
v -180 -12 -108
v -180 0 -108
v -216 -12 -108
v -216 0 -108
vt 0 0
vt 0 0.57142823934555054
vt 0.25 0
vt 0.25 0.57142823934555054
vt 0.25 0
vt 0.25 0.57142823934555054
vt 0.5 0
vt 0.5 0.57142823934555054
vt 0.5 0
vt 0.5 0.57142823934555054
vt 0.75 0
vt 0.75 0.57142823934555054
vt 0.75 0
vt 0.75 0.57142823934555054
vt 1 0
vt 1 0.57142823934555054
vt 0.4444444477558136 1
vt 0.4444444477558136 0.57142883539199829
vt 0 0.57142883539199829
vt 0 1
vt 1 0.57142883539199829
vt 1 1
vt 0.55555558204650879 1
vt 0.55555558204650879 0.57142883539199829
vn 0 0 1
vn 0 0 1
vn 0 0 1
vn 0 0 1
vn 1 0 0
vn 1 0 0
vn 1 0 0
vn 1 0 0
vn 0 0 -1
vn 0 0 -1
vn 0 0 -1
vn 0 0 -1
vn -1 0 0
vn -1 0 0
vn -1 0 0
vn -1 0 0
vn 0 -1 0
vn 0 -1 0
vn 0 -1 0
vn 0 -1 0
vn 0 1 0
vn 0 1 0
vn 0 1 0
vn 0 1 0
f 497/1459/1459 499/1461/1461 500/1462/1462 498/1460/1460
f 499/1463/1463 501/1465/1465 502/1466/1466 500/1464/1464
f 501/1467/1467 503/1469/1469 504/1470/1470 502/1468/1468
f 503/1471/1471 497/1473/1473 498/1474/1474 504/1472/1472
f 499/1476/1476 497/1475/1475 503/1478/1478
f 503/1478/1478 501/1477/1477 499/1476/1476
f 500/1480/1480 504/1482/1482 498/1479/1479
f 504/1482/1482 500/1480/1480 502/1481/1481
usemtl diffuse_0
v -180 -12 180
v -180 0 180
v 108 -12 180
v 108 0 180
v 108 -12 -108
v 108 0 -108
v -180 -12 -108
v -180 0 -108
vt 0 0
vt 0 0.51020383834838867
vt 0.25 0
vt 0.25 0.51020383834838867
vt 0.25 0
vt 0.25 0.51020383834838867
vt 0.5 0
vt 0.5 0.51020383834838867
vt 0.5 0
vt 0.5 0.51020383834838867
vt 0.75 0
vt 0.75 0.51020383834838867
vt 0.75 0
vt 0.75 0.51020383834838867
vt 1 0
vt 1 0.51020383834838867
vt 0 1
vt 0.25 1
vt 0.25 0.51020431518554688
vt 0 0.51020431518554688
vt 0.75 0.51020431518554688
vt 1 0.51020431518554688
vt 1 1
vt 0.75 1
vn 0 0 1
vn 0 0 1
vn 0 0 1
vn 0 0 1
vn 1 0 0
vn 1 0 0
vn 1 0 0
vn 1 0 0
vn 0 0 -1
vn 0 0 -1
vn 0 0 -1
vn 0 0 -1
vn -1 0 0
vn -1 0 0
vn -1 0 0
vn -1 0 0
vn 0 -1 0
vn 0 -1 0
vn 0 -1 0
vn 0 -1 0
vn 0 1 0
vn 0 1 0
vn 0 1 0
vn 0 1 0
f 505/1483/1483 507/1485/1485 508/1486/1486 506/1484/1484
f 507/1487/1487 509/1489/1489 510/1490/1490 508/1488/1488
f 509/1491/1491 511/1493/1493 512/1494/1494 510/1492/1492
f 511/1495/1495 505/1497/1497 506/1498/1498 512/1496/1496
f 507/1500/1500 505/1499/1499 511/1502/1502
f 511/1502/1502 509/1501/1501 507/1500/1500
f 508/1504/1504 512/1506/1506 506/1503/1503
f 512/1506/1506 508/1504/1504 510/1505/1505
usemtl diffuse_0
v -144 0 72
v -144 12 72
v -108 0 72
v -108 12 72
v -108 0 36
v -108 12 36
v -144 0 36
v -144 12 36
vt 0 0
vt 0 0.57142823934555054
vt 0.25 0
vt 0.25 0.57142823934555054
vt 0.25 0
vt 0.25 0.57142823934555054
vt 0.5 0
vt 0.5 0.57142823934555054
vt 0.5 0
vt 0.5 0.57142823934555054
vt 0.75 0
vt 0.75 0.57142823934555054
vt 0.75 0
vt 0.75 0.57142823934555054
vt 1 0
vt 1 0.57142823934555054
vt 0 1
vt 0.25 1
vt 0.25 0.57142883539199829
vt 0 0.57142883539199829
vt 0.75 0.57142883539199829
vt 1 0.57142883539199829
vt 1 1
vt 0.75 1
vn 0 0 1
vn 0 0 1
vn 0 0 1
vn 0 0 1
vn 1 0 0
vn 1 0 0
vn 1 0 0
vn 1 0 0
vn 0 0 -1
vn 0 0 -1
vn 0 0 -1
vn 0 0 -1
vn -1 0 0
vn -1 0 0
vn -1 0 0
vn -1 0 0
vn 0 -1 0
vn 0 -1 0
vn 0 -1 0
vn 0 -1 0
vn 0 1 0
vn 0 1 0
vn 0 1 0
vn 0 1 0
f 513/1507/1507 515/1509/1509 516/1510/1510 514/1508/1508
f 515/1511/1511 517/1513/1513 518/1514/1514 516/1512/1512
f 517/1515/1515 519/1517/1517 520/1518/1518 518/1516/1516
f 519/1519/1519 513/1521/1521 514/1522/1522 520/1520/1520
f 515/1524/1524 513/1523/1523 519/1526/1526
f 519/1526/1526 517/1525/1525 515/1524/1524
f 516/1528/1528 520/1530/1530 514/1527/1527
f 520/1530/1530 516/1528/1528 518/1529/1529
usemtl diffuse_0
v -180 0 -72
v -180 12 -72
v -144 0 -72
v -144 12 -72
v -144 0 -108
v -144 12 -108
v -180 0 -108
v -180 12 -108
vt 0 0
vt 0 0.57142823934555054
vt 0.25 0
vt 0.25 0.57142823934555054
vt 0.25 0
vt 0.25 0.57142823934555054
vt 0.5 0
vt 0.5 0.57142823934555054
vt 0.5 0
vt 0.5 0.57142823934555054
vt 0.75 0
vt 0.75 0.57142823934555054
vt 0.75 0
vt 0.75 0.57142823934555054
vt 1 0
vt 1 0.57142823934555054
vt 0 1
vt 0.25 1
vt 0.25 0.57142883539199829
vt 0 0.57142883539199829
vt 0.75 0.57142883539199829
vt 1 0.57142883539199829
vt 1 1
vt 0.75 1
vn 0 0 1
vn 0 0 1
vn 0 0 1
vn 0 0 1
vn 1 0 0
vn 1 0 0
vn 1 0 0
vn 1 0 0
vn 0 0 -1
vn 0 0 -1
vn 0 0 -1
vn 0 0 -1
vn -1 0 0
vn -1 0 0
vn -1 0 0
vn -1 0 0
vn 0 -1 0
vn 0 -1 0
vn 0 -1 0
vn 0 -1 0
vn 0 1 0
vn 0 1 0
vn 0 1 0
vn 0 1 0
f 521/1531/1531 523/1533/1533 524/1534/1534 522/1532/1532
f 523/1535/1535 525/1537/1537 526/1538/1538 524/1536/1536
f 525/1539/1539 527/1541/1541 528/1542/1542 526/1540/1540
f 527/1543/1543 521/1545/1545 522/1546/1546 528/1544/1544
f 523/1548/1548 521/1547/1547 527/1550/1550
f 527/1550/1550 525/1549/1549 523/1548/1548
f 524/1552/1552 528/1554/1554 522/1551/1551
f 528/1554/1554 524/1552/1552 526/1553/1553
usemtl diffuse_0
v -180 0 -36
v -180 12 -36
v -144 0 -36
v -144 12 -36
v -144 0 -72
v -144 12 -72
v -180 0 -72
v -180 12 -72
vt 0 0
vt 0 0.57142823934555054
vt 0.25 0
vt 0.25 0.57142823934555054
vt 0.25 0
vt 0.25 0.57142823934555054
vt 0.5 0
vt 0.5 0.57142823934555054
vt 0.5 0
vt 0.5 0.57142823934555054
vt 0.75 0
vt 0.75 0.57142823934555054
vt 0.75 0
vt 0.75 0.57142823934555054
vt 1 0
vt 1 0.57142823934555054
vt 0 1
vt 0.25 1
vt 0.25 0.57142883539199829
vt 0 0.57142883539199829
vt 0.75 0.57142883539199829
vt 1 0.57142883539199829
vt 1 1
vt 0.75 1
vn 0 0 1
vn 0 0 1
vn 0 0 1
vn 0 0 1
vn 1 0 0
vn 1 0 0
vn 1 0 0
vn 1 0 0
vn 0 0 -1
vn 0 0 -1
vn 0 0 -1
vn 0 0 -1
vn -1 0 0
vn -1 0 0
vn -1 0 0
vn -1 0 0
vn 0 -1 0
vn 0 -1 0
vn 0 -1 0
vn 0 -1 0
vn 0 1 0
vn 0 1 0
vn 0 1 0
vn 0 1 0
f 529/1555/1555 531/1557/1557 532/1558/1558 530/1556/1556
f 531/1559/1559 533/1561/1561 534/1562/1562 532/1560/1560
f 533/1563/1563 535/1565/1565 536/1566/1566 534/1564/1564
f 535/1567/1567 529/1569/1569 530/1570/1570 536/1568/1568
f 531/1572/1572 529/1571/1571 535/1574/1574
f 535/1574/1574 533/1573/1573 531/1572/1572
f 532/1576/1576 536/1578/1578 530/1575/1575
f 536/1578/1578 532/1576/1576 534/1577/1577
usemtl diffuse_0
v -180 0 0
v -180 12 0
v -144 0 0
v -144 12 0
v -144 0 -36
v -144 12 -36
v -180 0 -36
v -180 12 -36
vt 0 0
vt 0 0.57142823934555054
vt 0.25 0
vt 0.25 0.57142823934555054
vt 0.25 0
vt 0.25 0.57142823934555054
vt 0.5 0
vt 0.5 0.57142823934555054
vt 0.5 0
vt 0.5 0.57142823934555054
vt 0.75 0
vt 0.75 0.57142823934555054
vt 0.75 0
vt 0.75 0.57142823934555054
vt 1 0
vt 1 0.57142823934555054
vt 0 1
vt 0.25 1
vt 0.25 0.57142883539199829
vt 0 0.57142883539199829
vt 0.75 0.57142883539199829
vt 1 0.57142883539199829
vt 1 1
vt 0.75 1
vn 0 0 1
vn 0 0 1
vn 0 0 1
vn 0 0 1
vn 1 0 0
vn 1 0 0
vn 1 0 0
vn 1 0 0
vn 0 0 -1
vn 0 0 -1
vn 0 0 -1
vn 0 0 -1
vn -1 0 0
vn -1 0 0
vn -1 0 0
vn -1 0 0
vn 0 -1 0
vn 0 -1 0
vn 0 -1 0
vn 0 -1 0
vn 0 1 0
vn 0 1 0
vn 0 1 0
vn 0 1 0
f 537/1579/1579 539/1581/1581 540/1582/1582 538/1580/1580
f 539/1583/1583 541/1585/1585 542/1586/1586 540/1584/1584
f 541/1587/1587 543/1589/1589 544/1590/1590 542/1588/1588
f 543/1591/1591 537/1593/1593 538/1594/1594 544/1592/1592
f 539/1596/1596 537/1595/1595 543/1598/1598
f 543/1598/1598 541/1597/1597 539/1596/1596
f 540/1600/1600 544/1602/1602 538/1599/1599
f 544/1602/1602 540/1600/1600 542/1601/1601
usemtl diffuse_0
v -108 0 -72
v -108 12 -72
v -72 0 -72
v -72 12 -72
v -72 0 -108
v -72 12 -108
v -108 0 -108
v -108 12 -108
vt 0 0
vt 0 0.57142823934555054
vt 0.25 0
vt 0.25 0.57142823934555054
vt 0.25 0
vt 0.25 0.57142823934555054
vt 0.5 0
vt 0.5 0.57142823934555054
vt 0.5 0
vt 0.5 0.57142823934555054
vt 0.75 0
vt 0.75 0.57142823934555054
vt 0.75 0
vt 0.75 0.57142823934555054
vt 1 0
vt 1 0.57142823934555054
vt 0 1
vt 0.25 1
vt 0.25 0.57142883539199829
vt 0 0.57142883539199829
vt 0.75 0.57142883539199829
vt 1 0.57142883539199829
vt 1 1
vt 0.75 1
vn 0 0 1
vn 0 0 1
vn 0 0 1
vn 0 0 1
vn 1 0 0
vn 1 0 0
vn 1 0 0
vn 1 0 0
vn 0 0 -1
vn 0 0 -1
vn 0 0 -1
vn 0 0 -1
vn -1 0 0
vn -1 0 0
vn -1 0 0
vn -1 0 0
vn 0 -1 0
vn 0 -1 0
vn 0 -1 0
vn 0 -1 0
vn 0 1 0
vn 0 1 0
vn 0 1 0
vn 0 1 0
f 545/1603/1603 547/1605/1605 548/1606/1606 546/1604/1604
f 547/1607/1607 549/1609/1609 550/1610/1610 548/1608/1608
f 549/1611/1611 551/1613/1613 552/1614/1614 550/1612/1612
f 551/1615/1615 545/1617/1617 546/1618/1618 552/1616/1616
f 547/1620/1620 545/1619/1619 551/1622/1622
f 551/1622/1622 549/1621/1621 547/1620/1620
f 548/1624/1624 552/1626/1626 546/1623/1623
f 552/1626/1626 548/1624/1624 550/1625/1625
usemtl diffuse_0
v -144 0 -72
v -144 12 -72
v -108 0 -72
v -108 12 -72
v -108 0 -108
v -108 12 -108
v -144 0 -108
v -144 12 -108
vt 0 0
vt 0 0.57142823934555054
vt 0.25 0
vt 0.25 0.57142823934555054
vt 0.25 0
vt 0.25 0.57142823934555054
vt 0.5 0
vt 0.5 0.57142823934555054
vt 0.5 0
vt 0.5 0.57142823934555054
vt 0.75 0
vt 0.75 0.57142823934555054
vt 0.75 0
vt 0.75 0.57142823934555054
vt 1 0
vt 1 0.57142823934555054
vt 0 1
vt 0.25 1
vt 0.25 0.57142883539199829
vt 0 0.57142883539199829
vt 0.75 0.57142883539199829
vt 1 0.57142883539199829
vt 1 1
vt 0.75 1
vn 0 0 1
vn 0 0 1
vn 0 0 1
vn 0 0 1
vn 1 0 0
vn 1 0 0
vn 1 0 0
vn 1 0 0
vn 0 0 -1
vn 0 0 -1
vn 0 0 -1
vn 0 0 -1
vn -1 0 0
vn -1 0 0
vn -1 0 0
vn -1 0 0
vn 0 -1 0
vn 0 -1 0
vn 0 -1 0
vn 0 -1 0
vn 0 1 0
vn 0 1 0
vn 0 1 0
vn 0 1 0
f 553/1627/1627 555/1629/1629 556/1630/1630 554/1628/1628
f 555/1631/1631 557/1633/1633 558/1634/1634 556/1632/1632
f 557/1635/1635 559/1637/1637 560/1638/1638 558/1636/1636
f 559/1639/1639 553/1641/1641 554/1642/1642 560/1640/1640
f 555/1644/1644 553/1643/1643 559/1646/1646
f 559/1646/1646 557/1645/1645 555/1644/1644
f 556/1648/1648 560/1650/1650 554/1647/1647
f 560/1650/1650 556/1648/1648 558/1649/1649
usemtl diffuse_0
v 36 0 -72
v 36 12 -72
v 72 0 -72
v 72 12 -72
v 72 0 -108
v 72 12 -108
v 36 0 -108
v 36 12 -108
vt 0 0
vt 0 0.57142823934555054
vt 0.25 0
vt 0.25 0.57142823934555054
vt 0.25 0
vt 0.25 0.57142823934555054
vt 0.5 0
vt 0.5 0.57142823934555054
vt 0.5 0
vt 0.5 0.57142823934555054
vt 0.75 0
vt 0.75 0.57142823934555054
vt 0.75 0
vt 0.75 0.57142823934555054
vt 1 0
vt 1 0.57142823934555054
vt 0 1
vt 0.25 1
vt 0.25 0.57142883539199829
vt 0 0.57142883539199829
vt 0.75 0.57142883539199829
vt 1 0.57142883539199829
vt 1 1
vt 0.75 1
vn 0 0 1
vn 0 0 1
vn 0 0 1
vn 0 0 1
vn 1 0 0
vn 1 0 0
vn 1 0 0
vn 1 0 0
vn 0 0 -1
vn 0 0 -1
vn 0 0 -1
vn 0 0 -1
vn -1 0 0
vn -1 0 0
vn -1 0 0
vn -1 0 0
vn 0 -1 0
vn 0 -1 0
vn 0 -1 0
vn 0 -1 0
vn 0 1 0
vn 0 1 0
vn 0 1 0
vn 0 1 0
f 561/1651/1651 563/1653/1653 564/1654/1654 562/1652/1652
f 563/1655/1655 565/1657/1657 566/1658/1658 564/1656/1656
f 565/1659/1659 567/1661/1661 568/1662/1662 566/1660/1660
f 567/1663/1663 561/1665/1665 562/1666/1666 568/1664/1664
f 563/1668/1668 561/1667/1667 567/1670/1670
f 567/1670/1670 565/1669/1669 563/1668/1668
f 564/1672/1672 568/1674/1674 562/1671/1671
f 568/1674/1674 564/1672/1672 566/1673/1673
usemtl diffuse_0
v -36 0 -72
v -36 12 -72
v 0 0 -72
v 0 12 -72
v 0 0 -108
v 0 12 -108
v -36 0 -108
v -36 12 -108
vt 0 0
vt 0 0.57142823934555054
vt 0.25 0
vt 0.25 0.57142823934555054
vt 0.25 0
vt 0.25 0.57142823934555054
vt 0.5 0
vt 0.5 0.57142823934555054
vt 0.5 0
vt 0.5 0.57142823934555054
vt 0.75 0
vt 0.75 0.57142823934555054
vt 0.75 0
vt 0.75 0.57142823934555054
vt 1 0
vt 1 0.57142823934555054
vt 0 1
vt 0.25 1
vt 0.25 0.57142883539199829
vt 0 0.57142883539199829
vt 0.75 0.57142883539199829
vt 1 0.57142883539199829
vt 1 1
vt 0.75 1
vn 0 0 1
vn 0 0 1
vn 0 0 1
vn 0 0 1
vn 1 0 0
vn 1 0 0
vn 1 0 0
vn 1 0 0
vn 0 0 -1
vn 0 0 -1
vn 0 0 -1
vn 0 0 -1
vn -1 0 0
vn -1 0 0
vn -1 0 0
vn -1 0 0
vn 0 -1 0
vn 0 -1 0
vn 0 -1 0
vn 0 -1 0
vn 0 1 0
vn 0 1 0
vn 0 1 0
vn 0 1 0
f 569/1675/1675 571/1677/1677 572/1678/1678 570/1676/1676
f 571/1679/1679 573/1681/1681 574/1682/1682 572/1680/1680
f 573/1683/1683 575/1685/1685 576/1686/1686 574/1684/1684
f 575/1687/1687 569/1689/1689 570/1690/1690 576/1688/1688
f 571/1692/1692 569/1691/1691 575/1694/1694
f 575/1694/1694 573/1693/1693 571/1692/1692
f 572/1696/1696 576/1698/1698 570/1695/1695
f 576/1698/1698 572/1696/1696 574/1697/1697
usemtl diffuse_0
v 0 0 -72
v 0 12 -72
v 36 0 -72
v 36 12 -72
v 36 0 -108
v 36 12 -108
v 0 0 -108
v 0 12 -108
vt 0 0
vt 0 0.57142823934555054
vt 0.25 0
vt 0.25 0.57142823934555054
vt 0.25 0
vt 0.25 0.57142823934555054
vt 0.5 0
vt 0.5 0.57142823934555054
vt 0.5 0
vt 0.5 0.57142823934555054
vt 0.75 0
vt 0.75 0.57142823934555054
vt 0.75 0
vt 0.75 0.57142823934555054
vt 1 0
vt 1 0.57142823934555054
vt 0 1
vt 0.25 1
vt 0.25 0.57142883539199829
vt 0 0.57142883539199829
vt 0.75 0.57142883539199829
vt 1 0.57142883539199829
vt 1 1
vt 0.75 1
vn 0 0 1
vn 0 0 1
vn 0 0 1
vn 0 0 1
vn 1 0 0
vn 1 0 0
vn 1 0 0
vn 1 0 0
vn 0 0 -1
vn 0 0 -1
vn 0 0 -1
vn 0 0 -1
vn -1 0 0
vn -1 0 0
vn -1 0 0
vn -1 0 0
vn 0 -1 0
vn 0 -1 0
vn 0 -1 0
vn 0 -1 0
vn 0 1 0
vn 0 1 0
vn 0 1 0
vn 0 1 0
f 577/1699/1699 579/1701/1701 580/1702/1702 578/1700/1700
f 579/1703/1703 581/1705/1705 582/1706/1706 580/1704/1704
f 581/1707/1707 583/1709/1709 584/1710/1710 582/1708/1708
f 583/1711/1711 577/1713/1713 578/1714/1714 584/1712/1712
f 579/1716/1716 577/1715/1715 583/1718/1718
f 583/1718/1718 581/1717/1717 579/1716/1716
f 580/1720/1720 584/1722/1722 578/1719/1719
f 584/1722/1722 580/1720/1720 582/1721/1721
usemtl diffuse_0
v -108 0 0
v -108 36 0
v -72 0 0
v -72 36 0
v -72 0 -36
v -72 36 -36
v -108 0 -36
v -108 36 -36
vt 0 0
vt 0 0.66666620969772339
vt 0.25 0
vt 0.25 0.66666620969772339
vt 0.25 0
vt 0.25 0.66666620969772339
vt 0.5 0
vt 0.5 0.66666620969772339
vt 0.5 0
vt 0.5 0.66666620969772339
vt 0.75 0
vt 0.75 0.66666620969772339
vt 0.75 0
vt 0.75 0.66666620969772339
vt 1 0
vt 1 0.66666620969772339
vt 0 1
vt 0.25 1
vt 0.25 0.66666686534881592
vt 0 0.66666686534881592
vt 0.75 0.66666686534881592
vt 1 0.66666686534881592
vt 1 1
vt 0.75 1
vn 0 0 1
vn 0 0 1
vn 0 0 1
vn 0 0 1
vn 1 0 0
vn 1 0 0
vn 1 0 0
vn 1 0 0
vn 0 0 -1
vn 0 0 -1
vn 0 0 -1
vn 0 0 -1
vn -1 0 0
vn -1 0 0
vn -1 0 0
vn -1 0 0
vn 0 -1 0
vn 0 -1 0
vn 0 -1 0
vn 0 -1 0
vn 0 1 0
vn 0 1 0
vn 0 1 0
vn 0 1 0
f 585/1723/1723 587/1725/1725 588/1726/1726 586/1724/1724
f 587/1727/1727 589/1729/1729 590/1730/1730 588/1728/1728
f 589/1731/1731 591/1733/1733 592/1734/1734 590/1732/1732
f 591/1735/1735 585/1737/1737 586/1738/1738 592/1736/1736
f 587/1740/1740 585/1739/1739 591/1742/1742
f 591/1742/1742 589/1741/1741 587/1740/1740
f 588/1744/1744 592/1746/1746 586/1743/1743
f 592/1746/1746 588/1744/1744 590/1745/1745
usemtl diffuse_0
v -108 0 36
v -108 12 36
v -72 0 36
v -72 12 36
v -72 0 0
v -72 12 0
v -108 0 0
v -108 12 0
vt 0 0
vt 0 0.57142823934555054
vt 0.25 0
vt 0.25 0.57142823934555054
vt 0.25 0
vt 0.25 0.57142823934555054
vt 0.5 0
vt 0.5 0.57142823934555054
vt 0.5 0
vt 0.5 0.57142823934555054
vt 0.75 0
vt 0.75 0.57142823934555054
vt 0.75 0
vt 0.75 0.57142823934555054
vt 1 0
vt 1 0.57142823934555054
vt 0 1
vt 0.25 1
vt 0.25 0.57142883539199829
vt 0 0.57142883539199829
vt 0.75 0.57142883539199829
vt 1 0.57142883539199829
vt 1 1
vt 0.75 1
vn 0 0 1
vn 0 0 1
vn 0 0 1
vn 0 0 1
vn 1 0 0
vn 1 0 0
vn 1 0 0
vn 1 0 0
vn 0 0 -1
vn 0 0 -1
vn 0 0 -1
vn 0 0 -1
vn -1 0 0
vn -1 0 0
vn -1 0 0
vn -1 0 0
vn 0 -1 0
vn 0 -1 0
vn 0 -1 0
vn 0 -1 0
vn 0 1 0
vn 0 1 0
vn 0 1 0
vn 0 1 0
f 593/1747/1747 595/1749/1749 596/1750/1750 594/1748/1748
f 595/1751/1751 597/1753/1753 598/1754/1754 596/1752/1752
f 597/1755/1755 599/1757/1757 600/1758/1758 598/1756/1756
f 599/1759/1759 593/1761/1761 594/1762/1762 600/1760/1760
f 595/1764/1764 593/1763/1763 599/1766/1766
f 599/1766/1766 597/1765/1765 595/1764/1764
f 596/1768/1768 600/1770/1770 594/1767/1767
f 600/1770/1770 596/1768/1768 598/1769/1769
usemtl diffuse_0
v -108 12 36
v -108 12 0
v -108 24 36
v -108 24 0
v -72 12 36
v -72 12 0
vt 0 0.49504950642585754
vt 0 0.99009901285171509
vt 0.16355165839195251 0.49504950642585754
vt 0.16355165839195251 0.99009901285171509
vt 0.49504950642585754 0
vt 0 0
vt 0.49504950642585754 0.49358466267585754
vt 0 0.49358466267585754
vt 0.99523484706878662 0
vt 0.50165015459060669 0
vt 0.99523484706878662 0.52182799577713013
vt 0.50165015459060669 0.52182799577713013
vt 0.33496913313865662 0.49998563528060913
vt 0.49854952096939087 0.49998563528060913
vt 0.49854952096939087 0.99359899759292603
vt 0.16665230691432953 0.49998563528060913
vt 0.33023267984390259 0.49998563528060913
vt 0.33023267984390259 0.99359899759292603
vn -1 0 0
vn -1 0 0
vn -1 0 0
vn -1 0 0
vn 0 -1 0
vn 0 -1 0
vn 0 -1 0
vn 0 -1 0
vn 0.31622776389122009 0.94868332147598267 0
vn 0.31622776389122009 0.94868332147598267 0
vn 0.31622776389122009 0.94868332147598267 0
vn 0.31622776389122009 0.94868332147598267 0
vn 0 0 1
vn 0 0 1
vn 0 0 1
vn 0 0 -1
vn 0 0 -1
vn 0 0 -1
f 602/1772/1772 601/1771/1771 603/1773/1773 604/1774/1774
f 606/1776/1776 605/1775/1775 601/1777/1777 602/1778/1778
f 604/1780/1780 603/1779/1779 605/1781/1781 606/1782/1782
f 603/1783/1783 601/1784/1784 605/1785/1785
f 604/1786/1786 606/1788/1788 602/1787/1787
usemtl diffuse_0
v -108 0 36
v -72 0 36
v -108 12 36
v -72 12 36
v -108 0 72
v -72 0 72
vt 0 0.49504950642585754
vt 0 0.99009901285171509
vt 0.16355165839195251 0.49504950642585754
vt 0.16355165839195251 0.99009901285171509
vt 0 0
vt 0 0.49358466267585754
vt 0.49504950642585754 0
vt 0.49504950642585754 0.49358466267585754
vt 0.99523484706878662 0
vt 0.50165015459060669 0
vt 0.99523484706878662 0.52182799577713013
vt 0.50165015459060669 0.52182799577713013
vt 0.16665230691432953 0.49998563528060913
vt 0.33023267984390259 0.49998563528060913
vt 0.33023267984390259 0.99359899759292603
vt 0.33496913313865662 0.49998563528060913
vt 0.49854952096939087 0.49998563528060913
vt 0.49854952096939087 0.99359899759292603
vn 0 0 -1
vn 0 0 -1
vn 0 0 -1
vn 0 0 -1
vn 0 -1 0
vn 0 -1 0
vn 0 -1 0
vn 0 -1 0
vn 0 0.94868332147598267 0.31622776389122009
vn 0 0.94868332147598267 0.31622776389122009
vn 0 0.94868332147598267 0.31622776389122009
vn 0 0.94868332147598267 0.31622776389122009
vn -1 0 0
vn -1 0 0
vn -1 0 0
vn 1 0 0
vn 1 0 0
vn 1 0 0
f 608/1790/1790 607/1789/1789 609/1791/1791 610/1792/1792
f 612/1794/1794 611/1793/1793 607/1795/1795 608/1796/1796
f 610/1798/1798 609/1797/1797 611/1799/1799 612/1800/1800
f 609/1801/1801 607/1802/1802 611/1803/1803
f 610/1804/1804 612/1806/1806 608/1805/1805
usemtl diffuse_0
v -72 0 0
v -72 36 0
v -36 0 0
v -36 36 0
v -36 0 -36
v -36 36 -36
v -72 0 -36
v -72 36 -36
vt 0 0
vt 0 0.66666620969772339
vt 0.25 0
vt 0.25 0.66666620969772339
vt 0.25 0
vt 0.25 0.66666620969772339
vt 0.5 0
vt 0.5 0.66666620969772339
vt 0.5 0
vt 0.5 0.66666620969772339
vt 0.75 0
vt 0.75 0.66666620969772339
vt 0.75 0
vt 0.75 0.66666620969772339
vt 1 0
vt 1 0.66666620969772339
vt 0 1
vt 0.25 1
vt 0.25 0.66666686534881592
vt 0 0.66666686534881592
vt 0.75 0.66666686534881592
vt 1 0.66666686534881592
vt 1 1
vt 0.75 1
vn 0 0 1
vn 0 0 1
vn 0 0 1
vn 0 0 1
vn 1 0 0
vn 1 0 0
vn 1 0 0
vn 1 0 0
vn 0 0 -1
vn 0 0 -1
vn 0 0 -1
vn 0 0 -1
vn -1 0 0
vn -1 0 0
vn -1 0 0
vn -1 0 0
vn 0 -1 0
vn 0 -1 0
vn 0 -1 0
vn 0 -1 0
vn 0 1 0
vn 0 1 0
vn 0 1 0
vn 0 1 0
f 613/1807/1807 615/1809/1809 616/1810/1810 614/1808/1808
f 615/1811/1811 617/1813/1813 618/1814/1814 616/1812/1812
f 617/1815/1815 619/1817/1817 620/1818/1818 618/1816/1816
f 619/1819/1819 613/1821/1821 614/1822/1822 620/1820/1820
f 615/1824/1824 613/1823/1823 619/1826/1826
f 619/1826/1826 617/1825/1825 615/1824/1824
f 616/1828/1828 620/1830/1830 614/1827/1827
f 620/1830/1830 616/1828/1828 618/1829/1829
usemtl diffuse_0
v -144 24 -36
v -108 24 -36
v -144 36 -36
v -108 36 -36
v -144 24 0
v -108 24 0
vt 0 0.49504950642585754
vt 0 0.99009901285171509
vt 0.16355165839195251 0.49504950642585754
vt 0.16355165839195251 0.99009901285171509
vt 0.49504950642585754 0
vt 0 0
vt 0.49504950642585754 0.49358466267585754
vt 0 0.49358466267585754
vt 0.99523484706878662 0
vt 0.50165015459060669 0
vt 0.99523484706878662 0.52182799577713013
vt 0.50165015459060669 0.52182799577713013
vt 0.33496913313865662 0.49998563528060913
vt 0.49854952096939087 0.49998563528060913
vt 0.49854952096939087 0.99359899759292603
vt 0.16665230691432953 0.49998563528060913
vt 0.33023267984390259 0.49998563528060913
vt 0.33023267984390259 0.99359899759292603
vn 0 0 -1
vn 0 0 -1
vn 0 0 -1
vn 0 0 -1
vn 0 -1 0
vn 0 -1 0
vn 0 -1 0
vn 0 -1 0
vn 0 0.94868332147598267 0.31622776389122009
vn 0 0.94868332147598267 0.31622776389122009
vn 0 0.94868332147598267 0.31622776389122009
vn 0 0.94868332147598267 0.31622776389122009
vn -1 0 0
vn -1 0 0
vn -1 0 0
vn 1 0 0
vn 1 0 0
vn 1 0 0
f 622/1832/1832 621/1831/1831 623/1833/1833 624/1834/1834
f 626/1836/1836 625/1835/1835 621/1837/1837 622/1838/1838
f 624/1840/1840 623/1839/1839 625/1841/1841 626/1842/1842
f 623/1843/1843 621/1844/1844 625/1845/1845
f 624/1846/1846 626/1848/1848 622/1847/1847
usemtl diffuse_0
v -144 0 -36
v -144 36 -36
v -108 0 -36
v -108 36 -36
v -108 0 -72
v -108 36 -72
v -144 0 -72
v -144 36 -72
vt 0 0
vt 0 0.66666620969772339
vt 0.25 0
vt 0.25 0.66666620969772339
vt 0.25 0
vt 0.25 0.66666620969772339
vt 0.5 0
vt 0.5 0.66666620969772339
vt 0.5 0
vt 0.5 0.66666620969772339
vt 0.75 0
vt 0.75 0.66666620969772339
vt 0.75 0
vt 0.75 0.66666620969772339
vt 1 0
vt 1 0.66666620969772339
vt 0 1
vt 0.25 1
vt 0.25 0.66666686534881592
vt 0 0.66666686534881592
vt 0.75 0.66666686534881592
vt 1 0.66666686534881592
vt 1 1
vt 0.75 1
vn 0 0 1
vn 0 0 1
vn 0 0 1
vn 0 0 1
vn 1 0 0
vn 1 0 0
vn 1 0 0
vn 1 0 0
vn 0 0 -1
vn 0 0 -1
vn 0 0 -1
vn 0 0 -1
vn -1 0 0
vn -1 0 0
vn -1 0 0
vn -1 0 0
vn 0 -1 0
vn 0 -1 0
vn 0 -1 0
vn 0 -1 0
vn 0 1 0
vn 0 1 0
vn 0 1 0
vn 0 1 0
f 627/1849/1849 629/1851/1851 630/1852/1852 628/1850/1850
f 629/1853/1853 631/1855/1855 632/1856/1856 630/1854/1854
f 631/1857/1857 633/1859/1859 634/1860/1860 632/1858/1858
f 633/1861/1861 627/1863/1863 628/1864/1864 634/1862/1862
f 629/1866/1866 627/1865/1865 633/1868/1868
f 633/1868/1868 631/1867/1867 629/1866/1866
f 630/1870/1870 634/1872/1872 628/1869/1869
f 634/1872/1872 630/1870/1870 632/1871/1871
usemtl diffuse_0
v -108 0 -36
v -108 36 -36
v -72 0 -36
v -72 36 -36
v -72 0 -72
v -72 36 -72
v -108 0 -72
v -108 36 -72
vt 0 0
vt 0 0.66666620969772339
vt 0.25 0
vt 0.25 0.66666620969772339
vt 0.25 0
vt 0.25 0.66666620969772339
vt 0.5 0
vt 0.5 0.66666620969772339
vt 0.5 0
vt 0.5 0.66666620969772339
vt 0.75 0
vt 0.75 0.66666620969772339
vt 0.75 0
vt 0.75 0.66666620969772339
vt 1 0
vt 1 0.66666620969772339
vt 0 1
vt 0.25 1
vt 0.25 0.66666686534881592
vt 0 0.66666686534881592
vt 0.75 0.66666686534881592
vt 1 0.66666686534881592
vt 1 1
vt 0.75 1
vn 0 0 1
vn 0 0 1
vn 0 0 1
vn 0 0 1
vn 1 0 0
vn 1 0 0
vn 1 0 0
vn 1 0 0
vn 0 0 -1
vn 0 0 -1
vn 0 0 -1
vn 0 0 -1
vn -1 0 0
vn -1 0 0
vn -1 0 0
vn -1 0 0
vn 0 -1 0
vn 0 -1 0
vn 0 -1 0
vn 0 -1 0
vn 0 1 0
vn 0 1 0
vn 0 1 0
vn 0 1 0
f 635/1873/1873 637/1875/1875 638/1876/1876 636/1874/1874
f 637/1877/1877 639/1879/1879 640/1880/1880 638/1878/1878
f 639/1881/1881 641/1883/1883 642/1884/1884 640/1882/1882
f 641/1885/1885 635/1887/1887 636/1888/1888 642/1886/1886
f 637/1890/1890 635/1889/1889 641/1892/1892
f 641/1892/1892 639/1891/1891 637/1890/1890
f 638/1894/1894 642/1896/1896 636/1893/1893
f 642/1896/1896 638/1894/1894 640/1895/1895
usemtl diffuse_0
v -72 0 -36
v -72 36 -36
v -36 0 -36
v -36 36 -36
v -36 0 -72
v -36 36 -72
v -72 0 -72
v -72 36 -72
vt 0 0
vt 0 0.66666620969772339
vt 0.25 0
vt 0.25 0.66666620969772339
vt 0.25 0
vt 0.25 0.66666620969772339
vt 0.5 0
vt 0.5 0.66666620969772339
vt 0.5 0
vt 0.5 0.66666620969772339
vt 0.75 0
vt 0.75 0.66666620969772339
vt 0.75 0
vt 0.75 0.66666620969772339
vt 1 0
vt 1 0.66666620969772339
vt 0 1
vt 0.25 1
vt 0.25 0.66666686534881592
vt 0 0.66666686534881592
vt 0.75 0.66666686534881592
vt 1 0.66666686534881592
vt 1 1
vt 0.75 1
vn 0 0 1
vn 0 0 1
vn 0 0 1
vn 0 0 1
vn 1 0 0
vn 1 0 0
vn 1 0 0
vn 1 0 0
vn 0 0 -1
vn 0 0 -1
vn 0 0 -1
vn 0 0 -1
vn -1 0 0
vn -1 0 0
vn -1 0 0
vn -1 0 0
vn 0 -1 0
vn 0 -1 0
vn 0 -1 0
vn 0 -1 0
vn 0 1 0
vn 0 1 0
vn 0 1 0
vn 0 1 0
f 643/1897/1897 645/1899/1899 646/1900/1900 644/1898/1898
f 645/1901/1901 647/1903/1903 648/1904/1904 646/1902/1902
f 647/1905/1905 649/1907/1907 650/1908/1908 648/1906/1906
f 649/1909/1909 643/1911/1911 644/1912/1912 650/1910/1910
f 645/1914/1914 643/1913/1913 649/1916/1916
f 649/1916/1916 647/1915/1915 645/1914/1914
f 646/1918/1918 650/1920/1920 644/1917/1917
f 650/1920/1920 646/1918/1918 648/1919/1919
usemtl diffuse_0
v -144 0 0
v -144 24 0
v -108 0 0
v -108 24 0
v -108 0 -36
v -108 24 -36
v -144 0 -36
v -144 24 -36
vt 0 0
vt 0 0.62499958276748657
vt 0.25 0
vt 0.25 0.62499958276748657
vt 0.25 0
vt 0.25 0.62499958276748657
vt 0.5 0
vt 0.5 0.62499958276748657
vt 0.5 0
vt 0.5 0.62499958276748657
vt 0.75 0
vt 0.75 0.62499958276748657
vt 0.75 0
vt 0.75 0.62499958276748657
vt 1 0
vt 1 0.62499958276748657
vt 0 1
vt 0.25 1
vt 0.25 0.6250002384185791
vt 0 0.6250002384185791
vt 0.75 0.6250002384185791
vt 1 0.6250002384185791
vt 1 1
vt 0.75 1
vn 0 0 1
vn 0 0 1
vn 0 0 1
vn 0 0 1
vn 1 0 0
vn 1 0 0
vn 1 0 0
vn 1 0 0
vn 0 0 -1
vn 0 0 -1
vn 0 0 -1
vn 0 0 -1
vn -1 0 0
vn -1 0 0
vn -1 0 0
vn -1 0 0
vn 0 -1 0
vn 0 -1 0
vn 0 -1 0
vn 0 -1 0
vn 0 1 0
vn 0 1 0
vn 0 1 0
vn 0 1 0
f 651/1921/1921 653/1923/1923 654/1924/1924 652/1922/1922
f 653/1925/1925 655/1927/1927 656/1928/1928 654/1926/1926
f 655/1929/1929 657/1931/1931 658/1932/1932 656/1930/1930
f 657/1933/1933 651/1935/1935 652/1936/1936 658/1934/1934
f 653/1938/1938 651/1937/1937 657/1940/1940
f 657/1940/1940 655/1939/1939 653/1938/1938
f 654/1942/1942 658/1944/1944 652/1941/1941
f 658/1944/1944 654/1942/1942 656/1943/1943
usemtl diffuse_0
v -144 0 36
v -144 24 36
v -108 0 36
v -108 24 36
v -108 0 0
v -108 24 0
v -144 0 0
v -144 24 0
vt 0 0
vt 0 0.62499958276748657
vt 0.25 0
vt 0.25 0.62499958276748657
vt 0.25 0
vt 0.25 0.62499958276748657
vt 0.5 0
vt 0.5 0.62499958276748657
vt 0.5 0
vt 0.5 0.62499958276748657
vt 0.75 0
vt 0.75 0.62499958276748657
vt 0.75 0
vt 0.75 0.62499958276748657
vt 1 0
vt 1 0.62499958276748657
vt 0 1
vt 0.25 1
vt 0.25 0.6250002384185791
vt 0 0.6250002384185791
vt 0.75 0.6250002384185791
vt 1 0.6250002384185791
vt 1 1
vt 0.75 1
vn 0 0 1
vn 0 0 1
vn 0 0 1
vn 0 0 1
vn 1 0 0
vn 1 0 0
vn 1 0 0
vn 1 0 0
vn 0 0 -1
vn 0 0 -1
vn 0 0 -1
vn 0 0 -1
vn -1 0 0
vn -1 0 0
vn -1 0 0
vn -1 0 0
vn 0 -1 0
vn 0 -1 0
vn 0 -1 0
vn 0 -1 0
vn 0 1 0
vn 0 1 0
vn 0 1 0
vn 0 1 0
f 659/1945/1945 661/1947/1947 662/1948/1948 660/1946/1946
f 661/1949/1949 663/1951/1951 664/1952/1952 662/1950/1950
f 663/1953/1953 665/1955/1955 666/1956/1956 664/1954/1954
f 665/1957/1957 659/1959/1959 660/1960/1960 666/1958/1958
f 661/1962/1962 659/1961/1961 665/1964/1964
f 665/1964/1964 663/1963/1963 661/1962/1962
f 662/1966/1966 666/1968/1968 660/1965/1965
f 666/1968/1968 662/1966/1966 664/1967/1967
usemtl diffuse_0
v -36 0 36
v 0 0 36
v -36 12 36
v -36 0 72
vt 0 0
vt 0 0.68304270505905151
vt 0.22621604800224304 0
vt 0.22768089175224304 0
vt 0.22768089175224304 0.71999019384384155
vt 0.45389693975448608 0
vt 0.99320989847183228 0.97417742013931274
vt 0.46068704128265381 0.491911381483078
vt 0.99320989847183228 0.0096453214064240456
vn 0 0 -1
vn 0 0 -1
vn 0 0 -1
vn -1 0 0
vn -1 0 0
vn -1 0 0
vn 0.30151134729385376 0.90453404188156128 0.30151134729385376
vn 0.30151134729385376 0.90453404188156128 0.30151134729385376
vn 0.30151134729385376 0.90453404188156128 0.30151134729385376
f 668/1970/1970 667/1969/1969 669/1971/1971
f 670/1973/1973 669/1972/1972 667/1974/1974
f 669/1976/1976 670/1977/1977 668/1975/1975
usemtl diffuse_0
v -72 0 36
v -72 12 36
v -36 0 36
v -36 12 36
v -36 0 0
v -36 12 0
v -72 0 0
v -72 12 0
vt 0 0
vt 0 0.57142823934555054
vt 0.25 0
vt 0.25 0.57142823934555054
vt 0.25 0
vt 0.25 0.57142823934555054
vt 0.5 0
vt 0.5 0.57142823934555054
vt 0.5 0
vt 0.5 0.57142823934555054
vt 0.75 0
vt 0.75 0.57142823934555054
vt 0.75 0
vt 0.75 0.57142823934555054
vt 1 0
vt 1 0.57142823934555054
vt 0 1
vt 0.25 1
vt 0.25 0.57142883539199829
vt 0 0.57142883539199829
vt 0.75 0.57142883539199829
vt 1 0.57142883539199829
vt 1 1
vt 0.75 1
vn 0 0 1
vn 0 0 1
vn 0 0 1
vn 0 0 1
vn 1 0 0
vn 1 0 0
vn 1 0 0
vn 1 0 0
vn 0 0 -1
vn 0 0 -1
vn 0 0 -1
vn 0 0 -1
vn -1 0 0
vn -1 0 0
vn -1 0 0
vn -1 0 0
vn 0 -1 0
vn 0 -1 0
vn 0 -1 0
vn 0 -1 0
vn 0 1 0
vn 0 1 0
vn 0 1 0
vn 0 1 0
f 671/1978/1978 673/1980/1980 674/1981/1981 672/1979/1979
f 673/1982/1982 675/1984/1984 676/1985/1985 674/1983/1983
f 675/1986/1986 677/1988/1988 678/1989/1989 676/1987/1987
f 677/1990/1990 671/1992/1992 672/1993/1993 678/1991/1991
f 673/1995/1995 671/1994/1994 677/1997/1997
f 677/1997/1997 675/1996/1996 673/1995/1995
f 674/1999/1999 678/2001/2001 672/1998/1998
f 678/2001/2001 674/1999/1999 676/2000/2000
usemtl diffuse_0
v -72 0 36
v -36 0 36
v -72 12 36
v -36 12 36
v -72 0 72
v -36 0 72
vt 0 0.49504950642585754
vt 0 0.99009901285171509
vt 0.16355165839195251 0.49504950642585754
vt 0.16355165839195251 0.99009901285171509
vt 0.49504950642585754 0
vt 0 0
vt 0.49504950642585754 0.49358466267585754
vt 0 0.49358466267585754
vt 0.99523484706878662 0
vt 0.50165015459060669 0
vt 0.99523484706878662 0.52182799577713013
vt 0.50165015459060669 0.52182799577713013
vt 0.33496913313865662 0.49998563528060913
vt 0.49854952096939087 0.49998563528060913
vt 0.49854952096939087 0.99359899759292603
vt 0.16665230691432953 0.49998563528060913
vt 0.33023267984390259 0.49998563528060913
vt 0.33023267984390259 0.99359899759292603
vn 0 0 -1
vn 0 0 -1
vn 0 0 -1
vn 0 0 -1
vn 0 -1 0
vn 0 -1 0
vn 0 -1 0
vn 0 -1 0
vn 0 0.94868332147598267 0.31622776389122009
vn 0 0.94868332147598267 0.31622776389122009
vn 0 0.94868332147598267 0.31622776389122009
vn 0 0.94868332147598267 0.31622776389122009
vn -1 0 0
vn -1 0 0
vn -1 0 0
vn 1 0 0
vn 1 0 0
vn 1 0 0
f 680/2003/2003 679/2002/2002 681/2004/2004 682/2005/2005
f 684/2007/2007 683/2006/2006 679/2008/2008 680/2009/2009
f 682/2011/2011 681/2010/2010 683/2012/2012 684/2013/2013
f 681/2014/2014 679/2015/2015 683/2016/2016
f 682/2017/2017 684/2019/2019 680/2018/2018
usemtl diffuse_0
v -36 0 36
v -36 0 0
v -36 12 36
v -36 12 0
v 0 0 36
v 0 0 0
vt 0 0.49504950642585754
vt 0 0.99009901285171509
vt 0.16355165839195251 0.49504950642585754
vt 0.16355165839195251 0.99009901285171509
vt 0 0
vt 0 0.49358466267585754
vt 0.49504950642585754 0
vt 0.49504950642585754 0.49358466267585754
vt 0.99523484706878662 0
vt 0.50165015459060669 0
vt 0.99523484706878662 0.52182799577713013
vt 0.50165015459060669 0.52182799577713013
vt 0.33496913313865662 0.49998563528060913
vt 0.49854952096939087 0.49998563528060913
vt 0.49854952096939087 0.99359899759292603
vt 0.16665230691432953 0.49998563528060913
vt 0.33023267984390259 0.49998563528060913
vt 0.33023267984390259 0.99359899759292603
vn -1 0 0
vn -1 0 0
vn -1 0 0
vn -1 0 0
vn 0 -1 0
vn 0 -1 0
vn 0 -1 0
vn 0 -1 0
vn 0.31622776389122009 0.94868332147598267 0
vn 0.31622776389122009 0.94868332147598267 0
vn 0.31622776389122009 0.94868332147598267 0
vn 0.31622776389122009 0.94868332147598267 0
vn 0 0 1
vn 0 0 1
vn 0 0 1
vn 0 0 -1
vn 0 0 -1
vn 0 0 -1
f 686/2021/2021 685/2020/2020 687/2022/2022 688/2023/2023
f 690/2025/2025 689/2024/2024 685/2026/2026 686/2027/2027
f 688/2029/2029 687/2028/2028 689/2030/2030 690/2031/2031
f 687/2032/2032 685/2033/2033 689/2034/2034
f 688/2035/2035 690/2037/2037 686/2036/2036
usemtl diffuse_0
v -36 0 0
v -36 0 -36
v -36 12 0
v 0 0 0
vt 0 0
vt 0 0.68304270505905151
vt 0.22621604800224304 0
vt 0.22768089175224304 0
vt 0.22768089175224304 0.71999019384384155
vt 0.45389693975448608 0
vt 0.99320989847183228 0.97417742013931274
vt 0.46068704128265381 0.491911381483078
vt 0.99320989847183228 0.0096453214064240456
vn -1 0 0
vn -1 0 0
vn -1 0 0
vn 0 0 1
vn 0 0 1
vn 0 0 1
vn 0.30151134729385376 0.90453404188156128 -0.30151134729385376
vn 0.30151134729385376 0.90453404188156128 -0.30151134729385376
vn 0.30151134729385376 0.90453404188156128 -0.30151134729385376
f 692/2039/2039 691/2038/2038 693/2040/2040
f 694/2042/2042 693/2041/2041 691/2043/2043
f 693/2045/2045 694/2046/2046 692/2044/2044
usemtl diffuse_0
v -36 24 0
v -36 24 -36
v -36 36 0
v -36 36 -36
v 0 24 0
v 0 24 -36
vt 0 0.49504950642585754
vt 0 0.99009901285171509
vt 0.16355165839195251 0.49504950642585754
vt 0.16355165839195251 0.99009901285171509
vt 0 0
vt 0 0.49358466267585754
vt 0.49504950642585754 0
vt 0.49504950642585754 0.49358466267585754
vt 0.99523484706878662 0
vt 0.50165015459060669 0
vt 0.99523484706878662 0.52182799577713013
vt 0.50165015459060669 0.52182799577713013
vt 0.33496913313865662 0.49998563528060913
vt 0.49854952096939087 0.49998563528060913
vt 0.49854952096939087 0.99359899759292603
vt 0.16665230691432953 0.49998563528060913
vt 0.33023267984390259 0.49998563528060913
vt 0.33023267984390259 0.99359899759292603
vn -1 0 0
vn -1 0 0
vn -1 0 0
vn -1 0 0
vn 0 -1 0
vn 0 -1 0
vn 0 -1 0
vn 0 -1 0
vn 0.31622776389122009 0.94868332147598267 0
vn 0.31622776389122009 0.94868332147598267 0
vn 0.31622776389122009 0.94868332147598267 0
vn 0.31622776389122009 0.94868332147598267 0
vn 0 0 1
vn 0 0 1
vn 0 0 1
vn 0 0 -1
vn 0 0 -1
vn 0 0 -1
f 696/2048/2048 695/2047/2047 697/2049/2049 698/2050/2050
f 700/2052/2052 699/2051/2051 695/2053/2053 696/2054/2054
f 698/2056/2056 697/2055/2055 699/2057/2057 700/2058/2058
f 697/2059/2059 695/2060/2060 699/2061/2061
f 698/2062/2062 700/2064/2064 696/2063/2063
usemtl diffuse_0
v 0 12 0
v 0 12 -36
v 0 24 0
v 0 24 -36
v 36 12 0
v 36 12 -36
vt 0 0.49504950642585754
vt 0 0.99009901285171509
vt 0.16355165839195251 0.49504950642585754
vt 0.16355165839195251 0.99009901285171509
vt 0 0
vt 0 0.49358466267585754
vt 0.49504950642585754 0
vt 0.49504950642585754 0.49358466267585754
vt 0.99523484706878662 0
vt 0.50165015459060669 0
vt 0.99523484706878662 0.52182799577713013
vt 0.50165015459060669 0.52182799577713013
vt 0.33496913313865662 0.49998563528060913
vt 0.49854952096939087 0.49998563528060913
vt 0.49854952096939087 0.99359899759292603
vt 0.16665230691432953 0.49998563528060913
vt 0.33023267984390259 0.49998563528060913
vt 0.33023267984390259 0.99359899759292603
vn -1 0 0
vn -1 0 0
vn -1 0 0
vn -1 0 0
vn 0 -1 0
vn 0 -1 0
vn 0 -1 0
vn 0 -1 0
vn 0.31622776389122009 0.94868332147598267 0
vn 0.31622776389122009 0.94868332147598267 0
vn 0.31622776389122009 0.94868332147598267 0
vn 0.31622776389122009 0.94868332147598267 0
vn 0 0 1
vn 0 0 1
vn 0 0 1
vn 0 0 -1
vn 0 0 -1
vn 0 0 -1
f 702/2066/2066 701/2065/2065 703/2067/2067 704/2068/2068
f 706/2070/2070 705/2069/2069 701/2071/2071 702/2072/2072
f 704/2074/2074 703/2073/2073 705/2075/2075 706/2076/2076
f 703/2077/2077 701/2078/2078 705/2079/2079
f 704/2080/2080 706/2082/2082 702/2081/2081
usemtl diffuse_0
v -36 0 0
v -36 24 0
v 0 0 0
v 0 24 0
v 0 0 -36
v 0 24 -36
v -36 0 -36
v -36 24 -36
vt 0 0
vt 0 0.62499958276748657
vt 0.25 0
vt 0.25 0.62499958276748657
vt 0.25 0
vt 0.25 0.62499958276748657
vt 0.5 0
vt 0.5 0.62499958276748657
vt 0.5 0
vt 0.5 0.62499958276748657
vt 0.75 0
vt 0.75 0.62499958276748657
vt 0.75 0
vt 0.75 0.62499958276748657
vt 1 0
vt 1 0.62499958276748657
vt 0 1
vt 0.25 1
vt 0.25 0.6250002384185791
vt 0 0.6250002384185791
vt 0.75 0.6250002384185791
vt 1 0.6250002384185791
vt 1 1
vt 0.75 1
vn 0 0 1
vn 0 0 1
vn 0 0 1
vn 0 0 1
vn 1 0 0
vn 1 0 0
vn 1 0 0
vn 1 0 0
vn 0 0 -1
vn 0 0 -1
vn 0 0 -1
vn 0 0 -1
vn -1 0 0
vn -1 0 0
vn -1 0 0
vn -1 0 0
vn 0 -1 0
vn 0 -1 0
vn 0 -1 0
vn 0 -1 0
vn 0 1 0
vn 0 1 0
vn 0 1 0
vn 0 1 0
f 707/2083/2083 709/2085/2085 710/2086/2086 708/2084/2084
f 709/2087/2087 711/2089/2089 712/2090/2090 710/2088/2088
f 711/2091/2091 713/2093/2093 714/2094/2094 712/2092/2092
f 713/2095/2095 707/2097/2097 708/2098/2098 714/2096/2096
f 709/2100/2100 707/2099/2099 713/2102/2102
f 713/2102/2102 711/2101/2101 709/2100/2100
f 710/2104/2104 714/2106/2106 708/2103/2103
f 714/2106/2106 710/2104/2104 712/2105/2105
usemtl diffuse_0
v 0 0 0
v 0 12 0
v 36 0 0
v 36 12 0
v 36 0 -36
v 36 12 -36
v 0 0 -36
v 0 12 -36
vt 0 0
vt 0 0.57142823934555054
vt 0.25 0
vt 0.25 0.57142823934555054
vt 0.25 0
vt 0.25 0.57142823934555054
vt 0.5 0
vt 0.5 0.57142823934555054
vt 0.5 0
vt 0.5 0.57142823934555054
vt 0.75 0
vt 0.75 0.57142823934555054
vt 0.75 0
vt 0.75 0.57142823934555054
vt 1 0
vt 1 0.57142823934555054
vt 0 1
vt 0.25 1
vt 0.25 0.57142883539199829
vt 0 0.57142883539199829
vt 0.75 0.57142883539199829
vt 1 0.57142883539199829
vt 1 1
vt 0.75 1
vn 0 0 1
vn 0 0 1
vn 0 0 1
vn 0 0 1
vn 1 0 0
vn 1 0 0
vn 1 0 0
vn 1 0 0
vn 0 0 -1
vn 0 0 -1
vn 0 0 -1
vn 0 0 -1
vn -1 0 0
vn -1 0 0
vn -1 0 0
vn -1 0 0
vn 0 -1 0
vn 0 -1 0
vn 0 -1 0
vn 0 -1 0
vn 0 1 0
vn 0 1 0
vn 0 1 0
vn 0 1 0
f 715/2107/2107 717/2109/2109 718/2110/2110 716/2108/2108
f 717/2111/2111 719/2113/2113 720/2114/2114 718/2112/2112
f 719/2115/2115 721/2117/2117 722/2118/2118 720/2116/2116
f 721/2119/2119 715/2121/2121 716/2122/2122 722/2120/2120
f 717/2124/2124 715/2123/2123 721/2126/2126
f 721/2126/2126 719/2125/2125 717/2124/2124
f 718/2128/2128 722/2130/2130 716/2127/2127
f 722/2130/2130 718/2128/2128 720/2129/2129
usemtl diffuse_0
v 0 0 -36
v 0 12 -36
v 36 0 -36
v 36 12 -36
v 36 0 -72
v 36 12 -72
v 0 0 -72
v 0 12 -72
vt 0 0
vt 0 0.57142823934555054
vt 0.25 0
vt 0.25 0.57142823934555054
vt 0.25 0
vt 0.25 0.57142823934555054
vt 0.5 0
vt 0.5 0.57142823934555054
vt 0.5 0
vt 0.5 0.57142823934555054
vt 0.75 0
vt 0.75 0.57142823934555054
vt 0.75 0
vt 0.75 0.57142823934555054
vt 1 0
vt 1 0.57142823934555054
vt 0 1
vt 0.25 1
vt 0.25 0.57142883539199829
vt 0 0.57142883539199829
vt 0.75 0.57142883539199829
vt 1 0.57142883539199829
vt 1 1
vt 0.75 1
vn 0 0 1
vn 0 0 1
vn 0 0 1
vn 0 0 1
vn 1 0 0
vn 1 0 0
vn 1 0 0
vn 1 0 0
vn 0 0 -1
vn 0 0 -1
vn 0 0 -1
vn 0 0 -1
vn -1 0 0
vn -1 0 0
vn -1 0 0
vn -1 0 0
vn 0 -1 0
vn 0 -1 0
vn 0 -1 0
vn 0 -1 0
vn 0 1 0
vn 0 1 0
vn 0 1 0
vn 0 1 0
f 723/2131/2131 725/2133/2133 726/2134/2134 724/2132/2132
f 725/2135/2135 727/2137/2137 728/2138/2138 726/2136/2136
f 727/2139/2139 729/2141/2141 730/2142/2142 728/2140/2140
f 729/2143/2143 723/2145/2145 724/2146/2146 730/2144/2144
f 725/2148/2148 723/2147/2147 729/2150/2150
f 729/2150/2150 727/2149/2149 725/2148/2148
f 726/2152/2152 730/2154/2154 724/2151/2151
f 730/2154/2154 726/2152/2152 728/2153/2153
usemtl diffuse_0
v -36 0 -36
v -36 12 -36
v 0 0 -36
v 0 12 -36
v 0 0 -72
v 0 12 -72
v -36 0 -72
v -36 12 -72
vt 0 0
vt 0 0.57142823934555054
vt 0.25 0
vt 0.25 0.57142823934555054
vt 0.25 0
vt 0.25 0.57142823934555054
vt 0.5 0
vt 0.5 0.57142823934555054
vt 0.5 0
vt 0.5 0.57142823934555054
vt 0.75 0
vt 0.75 0.57142823934555054
vt 0.75 0
vt 0.75 0.57142823934555054
vt 1 0
vt 1 0.57142823934555054
vt 0 1
vt 0.25 1
vt 0.25 0.57142883539199829
vt 0 0.57142883539199829
vt 0.75 0.57142883539199829
vt 1 0.57142883539199829
vt 1 1
vt 0.75 1
vn 0 0 1
vn 0 0 1
vn 0 0 1
vn 0 0 1
vn 1 0 0
vn 1 0 0
vn 1 0 0
vn 1 0 0
vn 0 0 -1
vn 0 0 -1
vn 0 0 -1
vn 0 0 -1
vn -1 0 0
vn -1 0 0
vn -1 0 0
vn -1 0 0
vn 0 -1 0
vn 0 -1 0
vn 0 -1 0
vn 0 -1 0
vn 0 1 0
vn 0 1 0
vn 0 1 0
vn 0 1 0
f 731/2155/2155 733/2157/2157 734/2158/2158 732/2156/2156
f 733/2159/2159 735/2161/2161 736/2162/2162 734/2160/2160
f 735/2163/2163 737/2165/2165 738/2166/2166 736/2164/2164
f 737/2167/2167 731/2169/2169 732/2170/2170 738/2168/2168
f 733/2172/2172 731/2171/2171 737/2174/2174
f 737/2174/2174 735/2173/2173 733/2172/2172
f 734/2176/2176 738/2178/2178 732/2175/2175
f 738/2178/2178 734/2176/2176 736/2177/2177
usemtl diffuse_0
v 36 0 0
v 36 12 0
v 72 0 0
v 72 12 0
v 72 0 -36
v 72 12 -36
v 36 0 -36
v 36 12 -36
vt 0 0
vt 0 0.57142823934555054
vt 0.25 0
vt 0.25 0.57142823934555054
vt 0.25 0
vt 0.25 0.57142823934555054
vt 0.5 0
vt 0.5 0.57142823934555054
vt 0.5 0
vt 0.5 0.57142823934555054
vt 0.75 0
vt 0.75 0.57142823934555054
vt 0.75 0
vt 0.75 0.57142823934555054
vt 1 0
vt 1 0.57142823934555054
vt 0 1
vt 0.25 1
vt 0.25 0.57142883539199829
vt 0 0.57142883539199829
vt 0.75 0.57142883539199829
vt 1 0.57142883539199829
vt 1 1
vt 0.75 1
vn 0 0 1
vn 0 0 1
vn 0 0 1
vn 0 0 1
vn 1 0 0
vn 1 0 0
vn 1 0 0
vn 1 0 0
vn 0 0 -1
vn 0 0 -1
vn 0 0 -1
vn 0 0 -1
vn -1 0 0
vn -1 0 0
vn -1 0 0
vn -1 0 0
vn 0 -1 0
vn 0 -1 0
vn 0 -1 0
vn 0 -1 0
vn 0 1 0
vn 0 1 0
vn 0 1 0
vn 0 1 0
f 739/2179/2179 741/2181/2181 742/2182/2182 740/2180/2180
f 741/2183/2183 743/2185/2185 744/2186/2186 742/2184/2184
f 743/2187/2187 745/2189/2189 746/2190/2190 744/2188/2188
f 745/2191/2191 739/2193/2193 740/2194/2194 746/2192/2192
f 741/2196/2196 739/2195/2195 745/2198/2198
f 745/2198/2198 743/2197/2197 741/2196/2196
f 742/2200/2200 746/2202/2202 740/2199/2199
f 746/2202/2202 742/2200/2200 744/2201/2201
usemtl diffuse_0
v 36 0 -36
v 36 12 -36
v 72 0 -36
v 72 12 -36
v 72 0 -72
v 72 12 -72
v 36 0 -72
v 36 12 -72
vt 0 0
vt 0 0.57142823934555054
vt 0.25 0
vt 0.25 0.57142823934555054
vt 0.25 0
vt 0.25 0.57142823934555054
vt 0.5 0
vt 0.5 0.57142823934555054
vt 0.5 0
vt 0.5 0.57142823934555054
vt 0.75 0
vt 0.75 0.57142823934555054
vt 0.75 0
vt 0.75 0.57142823934555054
vt 1 0
vt 1 0.57142823934555054
vt 0 1
vt 0.25 1
vt 0.25 0.57142883539199829
vt 0 0.57142883539199829
vt 0.75 0.57142883539199829
vt 1 0.57142883539199829
vt 1 1
vt 0.75 1
vn 0 0 1
vn 0 0 1
vn 0 0 1
vn 0 0 1
vn 1 0 0
vn 1 0 0
vn 1 0 0
vn 1 0 0
vn 0 0 -1
vn 0 0 -1
vn 0 0 -1
vn 0 0 -1
vn -1 0 0
vn -1 0 0
vn -1 0 0
vn -1 0 0
vn 0 -1 0
vn 0 -1 0
vn 0 -1 0
vn 0 -1 0
vn 0 1 0
vn 0 1 0
vn 0 1 0
vn 0 1 0
f 747/2203/2203 749/2205/2205 750/2206/2206 748/2204/2204
f 749/2207/2207 751/2209/2209 752/2210/2210 750/2208/2208
f 751/2211/2211 753/2213/2213 754/2214/2214 752/2212/2212
f 753/2215/2215 747/2217/2217 748/2218/2218 754/2216/2216
f 749/2220/2220 747/2219/2219 753/2222/2222
f 753/2222/2222 751/2221/2221 749/2220/2220
f 750/2224/2224 754/2226/2226 748/2223/2223
f 754/2226/2226 750/2224/2224 752/2225/2225
usemtl diffuse_0
v 72 0 -36
v 72 12 -36
v 108 0 -36
v 108 12 -36
v 108 0 -72
v 108 12 -72
v 72 0 -72
v 72 12 -72
vt 0 0
vt 0 0.57142823934555054
vt 0.25 0
vt 0.25 0.57142823934555054
vt 0.25 0
vt 0.25 0.57142823934555054
vt 0.5 0
vt 0.5 0.57142823934555054
vt 0.5 0
vt 0.5 0.57142823934555054
vt 0.75 0
vt 0.75 0.57142823934555054
vt 0.75 0
vt 0.75 0.57142823934555054
vt 1 0
vt 1 0.57142823934555054
vt 0 1
vt 0.25 1
vt 0.25 0.57142883539199829
vt 0 0.57142883539199829
vt 0.75 0.57142883539199829
vt 1 0.57142883539199829
vt 1 1
vt 0.75 1
vn 0 0 1
vn 0 0 1
vn 0 0 1
vn 0 0 1
vn 1 0 0
vn 1 0 0
vn 1 0 0
vn 1 0 0
vn 0 0 -1
vn 0 0 -1
vn 0 0 -1
vn 0 0 -1
vn -1 0 0
vn -1 0 0
vn -1 0 0
vn -1 0 0
vn 0 -1 0
vn 0 -1 0
vn 0 -1 0
vn 0 -1 0
vn 0 1 0
vn 0 1 0
vn 0 1 0
vn 0 1 0
f 755/2227/2227 757/2229/2229 758/2230/2230 756/2228/2228
f 757/2231/2231 759/2233/2233 760/2234/2234 758/2232/2232
f 759/2235/2235 761/2237/2237 762/2238/2238 760/2236/2236
f 761/2239/2239 755/2241/2241 756/2242/2242 762/2240/2240
f 757/2244/2244 755/2243/2243 761/2246/2246
f 761/2246/2246 759/2245/2245 757/2244/2244
f 758/2248/2248 762/2250/2250 756/2247/2247
f 762/2250/2250 758/2248/2248 760/2249/2249
usemtl diffuse_0
v 72 0 0
v 72 12 0
v 108 0 0
v 108 12 0
v 108 0 -36
v 108 12 -36
v 72 0 -36
v 72 12 -36
vt 0 0
vt 0 0.57142823934555054
vt 0.25 0
vt 0.25 0.57142823934555054
vt 0.25 0
vt 0.25 0.57142823934555054
vt 0.5 0
vt 0.5 0.57142823934555054
vt 0.5 0
vt 0.5 0.57142823934555054
vt 0.75 0
vt 0.75 0.57142823934555054
vt 0.75 0
vt 0.75 0.57142823934555054
vt 1 0
vt 1 0.57142823934555054
vt 0 1
vt 0.25 1
vt 0.25 0.57142883539199829
vt 0 0.57142883539199829
vt 0.75 0.57142883539199829
vt 1 0.57142883539199829
vt 1 1
vt 0.75 1
vn 0 0 1
vn 0 0 1
vn 0 0 1
vn 0 0 1
vn 1 0 0
vn 1 0 0
vn 1 0 0
vn 1 0 0
vn 0 0 -1
vn 0 0 -1
vn 0 0 -1
vn 0 0 -1
vn -1 0 0
vn -1 0 0
vn -1 0 0
vn -1 0 0
vn 0 -1 0
vn 0 -1 0
vn 0 -1 0
vn 0 -1 0
vn 0 1 0
vn 0 1 0
vn 0 1 0
vn 0 1 0
f 763/2251/2251 765/2253/2253 766/2254/2254 764/2252/2252
f 765/2255/2255 767/2257/2257 768/2258/2258 766/2256/2256
f 767/2259/2259 769/2261/2261 770/2262/2262 768/2260/2260
f 769/2263/2263 763/2265/2265 764/2266/2266 770/2264/2264
f 765/2268/2268 763/2267/2267 769/2270/2270
f 769/2270/2270 767/2269/2269 765/2268/2268
f 766/2272/2272 770/2274/2274 764/2271/2271
f 770/2274/2274 766/2272/2272 768/2273/2273
